objID,ra,dec,z,r,expRad_r,expAB_r,deVRad_r,deVAB_r
587727178450207021,1.6643173,-10.6482739,0.640806,20.665646,0.872127,0.637033,1.33098,0.626229
587727178450665615,2.82616182,-10.77239726,0.230206,17.915766,1.220814,0.59087,2.23341,0.566394
587727178450665656,2.71412231,-10.77192198,0.220245,17.181545,2.995353,0.512776,6.262263,0.513703
587727178451058901,3.73738659,-10.83588981,0.212864,17.218691,1.929799,0.764652,4.204408,0.724176
587727179523227873,0.0859458,-9.80958227,0.312928,17.734489,2.301389,0.519901,4.709913,0.496778
587727179523752127,1.21287125,-9.92689295,0.32912,18.942219,1.00272,0.81641,1.907326,0.752978
587727179524014501,1.88705274,-9.9295506,0.43028,19.272007,1.834307,0.439433,3.412963,0.407637
587727180060885207,1.86770929,-9.41771245,0.218955,17.23143,2.958712,0.714053,6.496881,0.687971
587727180598280322,3.15208124,-8.9554489,0.332728,19.089832,1.249772,0.383282,1.611968,0.308463
587727180598346135,3.25212317,-8.99756642,0.432539,19.467955,1.38325,0.529181,2.104308,0.54084
587727221413708067,0.40778954,14.41971174,0.306383,18.554878,0.988637,0.777777,1.779271,0.789699
587727221413708352,0.41175189,14.37761318,0.426688,19.280422,1.872488,0.512252,4.072308,0.461092
587727221413839070,0.68338762,14.40105473,0.425016,19.528753,0.678872,0.82813,1.262117,0.787319
587727221950578862,0.47949458,14.85244132,0.093732,16.963352,5.074894,0.751267,15.348205,0.728232
587727222487646510,0.90267416,15.17910727,0.093923,17.667952,3.283737,0.799958,8.935833,0.750081
587727223024779408,1.51104408,15.79170959,0.179997,17.413231,3.246842,0.78943,7.940034,0.749363
587727223024779503,1.46191587,15.66224367,0.126195,16.689323,2.416662,0.731457,4.680147,0.772511
587727223024779623,1.4555002,15.62967066,0.292136,18.408489,1.592743,0.755593,3.674406,0.712801
587727223024779642,1.46702442,15.71504616,0.216769,17.934607,2.512154,0.855633,6.37334,0.789587
587727223561519298,1.19696025,16.16695271,0.112456,17.746708,3.163539,0.228315,6.575684,0.177052
587727225154502834,2.81416362,-10.94987025,0.353337,18.908003,1.066921,0.781804,2.035765,0.678375
587727225691373757,2.94561747,-10.44141579,0.285345,18.536354,0.84158,0.940742,1.45803,0.957321
587727226227261583,0.54281043,-10.05529234,0.173048,17.482035,2.581791,0.507127,5.233485,0.497346
587727226764918925,2.40908431,-9.70716424,0.350565,17.831804,3.193955,0.565811,7.833503,0.572978
587727227301068969,0.8070994,-9.32573514,0.359453,18.184717,1.535558,0.795164,2.806776,0.85298
587727227837808788,0.39544278,-8.8652171,0.176472,17.159636,2.29867,0.774594,4.790451,0.768714
587727227838398617,1.78001073,-8.82228894,0.189169,17.729578,2.799344,0.728784,6.845854,0.699428
587727227839119502,3.44206337,-8.87182868,0.330538,17.987953,1.932897,0.926885,3.982734,0.950665
587727227839316315,3.8995031,-8.79027475,0.40971,18.992348,1.005529,0.92726,1.807297,0.87932
587727227839512665,4.34804743,-8.86064876,0.177034,17.510864,2.378685,0.590249,4.987567,0.550004
587730772815380785,0.90443609,13.83089018,0.397413,18.979216,1.208247,0.808981,2.608579,0.752285
587730773353038051,2.71300054,14.28213951,0.299954,18.414013,1.205601,0.7654,2.226987,0.740167
587730773888925926,0.37225844,14.72646324,0.098054,17.376873,4.249426,0.232187,9.130732,0.201357
587730773889253515,1.21627146,14.60432023,0.141425,17.705677,2.012339,0.376091,3.65724,0.340357
587730773890826482,4.84977993,14.65308914,0.303661,17.974493,2.01545,0.715387,5.056663,0.640919
587730774426255557,1.49215041,14.99360636,0.348716,19.227043,0.808262,0.862311,1.405216,0.839629
587730774426779882,2.7631177,15.17546056,0.080958,16.786448,4.541759,0.75951,12.512089,0.749948
587730774962733280,0.49344242,15.50405774,0.132275,17.561462,2.06123,0.434596,3.797807,0.384854
587730774963781861,3.06596921,15.47134468,0.155164,17.462891,2.354288,0.819227,5.117589,0.80391
587730775499800797,1.0557562,15.84440831,0.116605,16.896339,2.831719,0.551964,5.132391,0.559811
587731185668850016,4.17251207,-0.49573753,0.34677,18.499468,1.027464,0.940548,2.144388,0.875364
587731186204475676,1.33088677,-0.09020821,0.138438,17.195267,4.246949,0.8339,11.825801,0.832854
587731186205524137,3.67443006,-0.04855571,0.065623,16.75729,5.776691,0.199989,13.843786,0.188162
587731186205589654,3.89890339,-0.16243283,0.068048,17.310284,3.002149,0.915928,7.940568,0.91022
587731186205786214,4.22881372,-0.08822854,0.032847,14.782598,10.459641,0.535116,26.709007,0.585892
587731186205982864,4.66346486,-0.07419919,0.319149,18.012455,1.857111,0.724703,3.781459,0.75841
587731186741018817,0.5076277,0.34698653,0.300779,17.437927,1.953309,0.891288,4.420432,0.883748
587731186741084332,0.62891785,0.30463473,0.299827,18.12911,1.163857,0.812689,1.841319,0.825131
587731187278872795,2.72430655,0.80353707,0.114233,17.386028,4.355306,0.557006,12.046633,0.528548
587731187816136870,3.73553658,1.13988133,0.150854,16.944443,4.049934,0.606947,9.890641,0.584934
588013383280492674,182.96095348,52.49765159,0.062399,16.755606,5.293659,0.462989,12.322847,0.462611
588015508197015714,3.18188729,-0.70759445,0.343839,18.57029,0.873782,0.932178,1.566806,0.882303
588015508197933293,5.21483604,-0.75690258,0.346444,18.605467,1.909163,0.525942,3.358053,0.531301
588015508197933331,5.30403379,-0.71431582,0.37805,18.328466,1.569601,0.641523,3.159329,0.633834
588015508733296703,1.84124913,-0.35698807,0.243834,19.757578,1.366875,0.427884,2.501837,0.360623
588015508733886602,3.1208188,-0.22235487,0.404705,18.988609,1.164816,0.674967,2.148437,0.700623
588015508734541958,4.67225407,-0.40224446,0.170197,17.710247,2.475842,0.730094,5.391265,0.720072
588015508734738589,5.11134959,-0.29263016,0.111707,17.492231,2.166677,0.581416,4.107909,0.534607
588015509271019759,3.83775774,0.14949527,0.440947,18.992125,1.016566,0.782712,1.99828,0.721007
588015510343975153,2.04027391,1.0059714,0.331331,18.587835,0.972572,0.756203,1.507113,0.758378
588015510344368213,2.82090622,1.03999139,0.156789,17.028629,2.885536,0.872538,6.468731,0.88723
588290879491080375,3.11117494,14.13340163,0.136976,17.77673,3.598873,0.840772,9.890893,0.829273
588290881102283351,4.6063689,15.35671308,0.480496,19.331287,1.28262,0.928864,2.824517,0.926462
588290881102610673,5.28197107,15.28249864,0.374568,19.199841,0.991964,0.730027,1.620099,0.709679
588290881370063008,3.09997994,15.36900507,0.11668,17.700808,3.011852,0.27807,5.961925,0.21775
587724197202231408,10.86557029,13.75054482,0.19637,17.215681,3.684127,0.540931,6.584686,0.548164
587724197739036938,10.84683557,14.18129803,0.093057,16.480844,5.530701,0.785761,17.153351,0.761596
587724197740740787,14.81053348,14.13806939,0.363551,19.075714,0.976798,0.767137,1.455489,0.752579
587724198277677217,14.93267158,14.56775466,-1.20037E-3,16.830584,20.396399,0.607025,3.798422,0.999733
587724198812975137,11.23626884,14.93411204,-1.32964E-4,17.356825,8.214198,0.670426,22.179382,0.646457
587724198813499597,12.55647258,15.00775404,0.180946,17.383259,3.592238,0.837514,8.208313,0.855239
587724199352008958,16.4066335,15.27266536,0.202559,17.613361,3.261045,0.978513,7.927947,0.92615
587724199888748629,16.0633401,15.78198709,0.089899,17.434568,2.927873,0.59652,6.372816,0.551739
587724231564460147,11.14606447,14.03377246,0.133291,17.46563,2.43686,0.705001,5.530283,0.646648
587724232101658730,12.02400511,14.42639624,0.27543,17.740345,2.34859,0.910295,4.459603,0.923092
587724232639709313,14.7643224,14.75970329,0.176924,17.061043,3.060217,0.516013,6.589836,0.482082
587724232639971455,15.35293582,14.58627677,0.379893,18.844465,1.312463,0.529507,2.458409,0.516914
587724233174941976,10.97556138,15.24450122,0.249088,17.535709,1.784393,0.829183,3.210188,0.85498
587724234249339111,12.60069379,16.11532224,0.244561,17.564425,2.593205,0.974456,5.423117,0.981093
587727177916088747,8.14929271,-11.06858624,0.371681,19.00757,1.606011,0.531106,2.891153,0.486801
587727178451845265,5.53129906,-10.69956832,0.155226,17.519867,2.484668,0.722543,5.116648,0.711868
587727178454073803,10.73710762,-10.66653957,0.134454,17.59277,4.084507,0.883376,12.321599,0.864042
587727178455056509,12.9866974,-10.68256652,0.313833,18.294153,2.205972,0.746958,4.465204,0.756022
587727178988847319,5.85950708,-10.25426633,0.240449,17.775692,1.559255,0.775627,2.956942,0.756293
587727178989502578,7.35215924,-10.23465806,0.104817,17.613628,4.691461,0.180282,10.309565,0.139632
587727178991403062,11.78659359,-10.16917635,0.189945,17.535776,1.284365,0.920227,2.481477,0.872606
587727178992255086,13.71961576,-10.28448849,0.077276,17.69866,3.866812,0.388328,9.869535,0.340357
587727179527159939,9.21645996,-9.8762436,0.348881,18.380695,1.462832,0.665936,2.349411,0.681321
587727179527356613,9.58942516,-9.84266293,0.352549,18.11278,1.505118,0.844943,2.730349,0.820902
587727179528077806,11.34892147,-9.93149947,0.422073,18.997084,1.218101,0.874149,2.232386,0.915213
587727180062523511,5.62497283,-9.55264382,0.163514,17.576868,3.220502,0.526347,7.942978,0.46593
587727180063113402,7.00483919,-9.55613997,0.286859,17.607368,1.57307,0.926114,3.391361,0.874446
587727180063768657,8.50499656,-9.52705684,0.335203,17.763905,1.818544,0.712398,3.305397,0.722446
587727180063834595,8.7708948,-9.47931931,0.529263,19.062082,2.304732,0.63363,4.245056,0.645957
587727180064489674,10.177033,-9.42544625,0.037212,17.470295,5.228784,0.725437,17.21027,0.649874
587727180064620686,10.52095465,-9.53443917,0.052889,15.174908,9.086637,0.680421,28.214449,0.674092
587727180065603776,12.7776111,-9.48336159,0.179362,17.820902,2.550684,0.298682,4.176435,0.263423
587727180066586800,15.15112287,-9.37392422,0.05998,16.86833,6.03286,0.516207,17.215403,0.458936
587727180066979903,15.97254406,-9.3711929,0.233814,17.476826,1.226034,0.825392,2.138809,0.788
587727180599263401,5.3420943,-9.10011974,0.104769,17.260183,5.161973,0.17879,11.569829,0.135305
587727180603326553,14.75020265,-8.98875861,0.199651,17.541119,1.766567,0.709726,2.983413,0.727446
587727225155616916,5.4001044,-10.84356756,0.331336,18.031071,2.237875,0.574895,4.705693,0.550659
587727225159221457,13.92854095,-10.91341847,0.413142,18.237541,1.647809,0.669961,3.864292,0.618177
587727225693143222,6.96586993,-10.57928536,0.389242,18.71241,0.820023,0.909946,1.41803,0.885544
587727225693208747,7.11957057,-10.48758877,0.295206,18.381996,1.24825,0.663243,2.357226,0.603972
587727225693536440,7.91217696,-10.55127303,0.186998,17.574659,1.532473,0.824467,2.978412,0.813506
587727225695043778,11.32772556,-10.41902584,0.319457,18.755098,1.81303,0.438067,3.388856,0.423386
587727225695109339,11.506678,-10.47861011,0.128443,17.681318,5.178708,0.202625,9.427968,0.209065
587727225695240373,11.90103139,-10.44845282,0.187057,17.738394,4.421151,0.271986,12.323704,0.244091
587727225695830175,13.17235976,-10.36317113,0.197462,17.82049,2.641807,0.489238,5.491037,0.449993
587727225696026750,13.61868136,-10.48000065,0.068708,17.156446,4.910201,0.649783,13.756866,0.625229
587727226230800572,8.75199189,-10.18566772,0.219341,17.785494,1.470979,0.671198,2.74977,0.664478
587727226231718123,10.95736952,-10.03197955,0.172526,17.639629,2.553027,0.804865,6.374694,0.761104
587727226232635452,13.03738885,-10.00786131,0.377262,19.090298,1.011998,0.806646,1.873953,0.742321
587727226232701125,13.15465621,-9.9266083,0.421347,19.39324,0.827086,0.86888,1.451733,0.795924
587727226233356530,14.8139341,-10.01669856,0.328709,18.781467,0.852397,0.877993,1.558352,0.791366
587727226766295334,5.56569899,-9.72871998,0.377151,20.282381,1.030612,0.106529,1.287303,0.05
587727226766360780,5.79687955,-9.64533014,0.238718,17.909773,2.613258,0.959383,6.643352,0.937289
587727226766753953,6.69918344,-9.59851123,0.141898,17.450329,3.012041,0.412449,6.846139,0.385144
587727226768523467,10.80644549,-9.73514345,0.183632,17.15115,2.488437,0.829896,5.392622,0.808842
587727226768588930,10.90418953,-9.5737639,0.057872,17.218781,3.340458,0.933958,8.65792,0.940176
587727226768916618,11.67682313,-9.64938961,0.316946,18.67684,0.820235,0.84253,1.408378,0.795707
587727226769440864,12.9074029,-9.4974833,0.078238,17.526688,4.076702,0.445924,10.750065,0.425662
587727226770030733,14.22079686,-9.58598225,0.365617,19.388071,0.948933,0.611833,1.432683,0.579308
587727226770096522,14.40991654,-9.62784425,0.48279,18.98814,1.915582,0.588411,4.189251,0.551441
587727226770555052,15.48707319,-9.52343326,0.371162,18.645247,1.004358,0.79067,1.828221,0.794302
587727226770555055,15.49490645,-9.55388543,0.357422,19.086269,0.778763,0.882191,1.260422,0.854815
587727226770620473,15.58593227,-9.43395779,0.234548,17.854074,0.990824,0.73845,1.642211,0.760564
587727227304739121,9.18982752,-9.33246646,1.06876,17.261118,8.21517,0.873171,23.827076,0.882279
587727227307753651,16.25129721,-9.01617889,0.054129,17.180229,8.278005,0.139634,22.80468,0.112607
587727227840233561,6.08768068,-8.94134328,0.076569,17.52602,4.637043,0.259191,12.077761,0.227883
587727227840364690,6.42982019,-8.80741324,0.320003,18.016367,1.298794,0.819593,2.776147,0.822245
587727227840823448,7.45107517,-8.82169624,0.134599,17.702753,3.52475,0.72645,9.005609,0.704717
587727227841282182,8.491256,-8.89889784,0.138079,17.82354,1.19913,0.811738,2.047894,0.821973
587727227841413224,8.73441864,-8.80583379,0.320231,18.297892,1.035966,0.712954,1.964561,0.682676
587727227841544403,9.1498563,-8.73859743,0.344531,17.868616,1.576108,0.960116,3.723094,0.963496
587727227841675419,9.42262477,-8.82911298,0.164708,17.729027,3.087422,0.469516,6.374341,0.448107
587727227841806429,9.71783581,-8.84018897,0.150937,17.295296,2.469267,0.579699,5.93779,0.537013
587727227843182841,12.83505474,-8.67649719,0.015164,17.193445,8.465573,0.627751,27.192249,0.649948
587727227843248538,13.03139327,-8.71016658,0.474223,19.366777,1.207681,0.818033,2.037614,0.799949
587727227844427914,15.69674464,-8.62166161,0.157538,17.826031,2.516801,0.654087,6.355593,0.60006
587730774428156044,5.91373613,15.06739841,0.017617,17.454971,6.935539,0.904428,22.421173,0.949871
587731185673240716,14.11017304,-0.59897572,0.09964,17.593424,4.468385,0.349905,10.910459,0.309006
587731186206310736,5.42563995,-0.20317021,-1.40261E-4,20.231619,2.849169,0.3,5.489497,0.207933
587731186207162870,7.39584926,-0.1861548,0.252149,19.343277,1.979914,0.248912,3.297449,0.179711
587731186209259718,12.21886826,-0.17775028,0.392242,18.765022,1.235547,0.836492,2.025037,0.727474
587731186743509197,6.23067233,0.31761886,0.450658,19.137848,1.539947,0.768999,2.90491,0.768222
587731186743705719,6.66450383,0.29669187,0.156047,17.510296,1.831901,0.524792,2.990211,0.496367
587731186744164475,7.7404781,0.3676021,0.06837,16.253542,3.231071,0.958336,6.899675,0.953967
587731186745737461,11.36257299,0.31857036,0.357925,18.518141,1.390623,0.677438,2.981692,0.620429
587731186745933936,11.7672624,0.31270077,0.070484,17.389114,3.962612,0.567894,10.568124,0.54882
587731187283460324,13.21132284,0.65819829,0.424286,19.107409,1.180164,0.534111,1.915426,0.518466
587731187817250896,6.15515706,1.05531432,0.073125,16.662144,4.67556,0.75611,13.378785,0.749948
587731187817906345,7.75108813,1.24396302,0.078654,16.280748,3.769667,0.898956,8.172839,0.924795
587731187818233974,8.52206268,1.23458858,0.185931,17.241262,3.023608,0.999823,6.809579,0.946721
587731187819020421,10.34154475,1.15286685,0.044092,17.487556,2.769433,0.868597,7.604525,0.812489
587731187819479205,11.32316603,1.15811679,0.391686,18.140963,1.558351,0.761101,2.886738,0.750004
587731187819675751,11.80195603,1.06398554,0.137161,17.121117,3.589836,0.674587,9.083762,0.638274
588015507661127747,5.36758614,-1.21168582,0.106722,16.909672,3.963322,0.22029,7.940274,0.174497
588015507661389843,5.99738052,-1.05206609,0.139154,18.962477,53.708363,0.200003,29.674589,0.997106
588015507663814813,11.53817415,-1.16039141,0.382736,17.389,1.854323,0.712014,3.56412,0.696761
588015507664339220,12.74155998,-1.2089053,0.340919,18.981792,1.242249,0.694611,2.199026,0.708769
588015508198129775,5.68795895,-0.70199593,0.163169,17.262486,3.058698,0.78086,6.729291,0.769009
588015508200095886,10.2143803,-0.74881746,0.340114,18.044933,2.258438,0.818467,4.240673,0.826145
588015508735918371,7.8937234,-0.24452667,0.353852,19.183243,0.848418,0.690054,1.340567,0.613414
588015508737360111,11.16201908,-0.36226008,0.018867,16.865755,8.787214,0.392252,29.673693,0.349649
588015508737753291,12.08158595,-0.37704156,0.299701,17.762367,2.518571,0.559616,4.893811,0.533526
588015508738343056,13.33018759,-0.29176419,0.428397,18.785082,1.235032,0.83374,2.274719,0.834745
588015508738670805,14.15785984,-0.24377196,0.276026,17.764723,2.022321,0.362748,3.497175,0.301757
588015508739326070,15.54938673,-0.34033806,0.297497,18.048771,1.249164,0.870486,2.305297,0.850828
588015509271871631,5.68637675,0.05204525,0.238529,17.232841,1.940067,0.675149,3.44236,0.665908
588015509272002671,5.97947283,0.05102216,0.056443,17.08507,6.163207,0.151551,13.712284,0.12242
588015509272133791,6.31140264,0.0137287,0.372445,18.301899,0.989996,0.873768,1.650006,0.873661
588015509274099908,10.88402382,0.17325531,0.108767,17.046675,2.514107,0.489855,4.443609,0.455712
588015509274165388,11.0303355,0.12136834,0.218675,17.553488,1.849716,0.439232,3.224153,0.408126
588015509274165442,10.9476418,0.05961951,0.213362,16.946287,3.922328,0.950671,9.891343,0.9494
588015509275541728,14.17997548,0.11863058,0.071372,16.518427,4.832036,0.609282,12.402036,0.599987
588015509275607196,14.3298657,0.01112716,0.184242,17.352468,2.286666,0.851306,4.875486,0.815055
588015509276459092,16.23425539,0.02443932,0.049156,17.068205,7.748697,0.268053,21.73522,0.249937
588015509808545952,5.35170554,0.54708999,0.083981,17.336765,3.207314,0.869392,7.78282,0.817892
588015509809660111,7.77876101,0.44456057,0.469787,18.956236,2.006635,0.716865,4.827071,0.694538
588015509811364014,11.73159007,0.50236294,0.319942,18.491734,1.211277,0.723889,1.941771,0.690049
588015509811495058,12.0785136,0.60695867,0.133821,17.012186,4.007694,0.499675,9.128768,0.463775
588015509812347122,13.93729252,0.58823727,0.017993,17.697012,6.809385,0.429485,23.399405,0.365737
588015510345482380,5.37217522,0.90971343,0.370005,18.559114,0.986418,0.767557,1.537855,0.75314
588015510345744463,5.99478376,0.92860969,0.372615,18.807804,1.238426,0.740564,2.201111,0.725478
588015510345810074,6.10212456,0.94409477,0.431432,18.850973,1.014721,0.910835,1.980257,0.857257
588015510346727781,8.24043229,0.92743261,0.384879,18.839771,1.563786,0.732823,3.149305,0.69938
588015510346858713,8.53292594,0.86558982,0.317509,18.062838,1.567406,0.741482,3.088483,0.716138
588015510347448534,9.93057814,0.96064002,0.01398,17.225758,5.661289,0.304567,17.317762,0.249939
588015510347776206,10.60629459,0.86422308,0.166792,17.531866,2.916621,0.821898,6.374522,0.817163
588290880566198454,6.40900232,14.83014895,0.234349,17.89143,3.761988,0.559614,9.176931,0.551857
588290881102676241,5.49524515,15.25105858,0.312156,17.804029,1.902399,0.740436,3.608254,0.799109
588290881102938333,6.18011618,15.33156914,0.141898,17.912058,4.453444,0.169856,9.594878,0.143158
588290881639874778,6.22948516,15.69192939,0.185198,17.902729,3.076307,0.395067,7.078603,0.364512
587724197206949931,21.96505851,13.28325126,0.030622,17.39052,6.97073,0.198154,19.118784,0.171906
587724197208522855,25.68823323,13.01221457,0.153643,17.408909,2.620217,0.77764,5.12466,0.759779
587724197208588538,25.84978919,12.94382687,0.462193,19.044146,1.028121,0.770411,1.451309,0.741078
587724197742641499,19.27593775,13.846158,0.048026,17.17654,4.843122,0.923696,15.348365,0.902297
587724197746966578,29.42226835,12.90000279,0.553092,19.826998,1.206193,0.708522,1.889313,0.700011
587724198815596787,17.51046704,14.83790048,0.356807,18.655424,1.480488,0.581802,2.739871,0.561099
587724198815858873,18.01061364,14.81005822,0.271399,18.033482,1.31634,0.758041,2.694718,0.69591
587724198822084832,32.74290654,13.50981282,0.155625,17.566236,3.908067,0.29785,9.889425,0.244922
587724199352729726,18.11110823,15.22396365,0.391998,18.652674,1.770689,0.763842,3.29792,0.722332
587724199356072150,25.94029019,14.47831664,0.328978,18.080551,1.488482,0.907591,2.513752,0.900058
587724199890911465,21.16946124,15.35005338,0.426113,18.938992,1.24169,0.815273,2.020124,0.808506
587724199892353238,24.70042217,15.08038768,0.31928,18.330631,1.48442,0.866342,2.568454,0.916109
587724199893139629,26.41938893,15.02505718,0.201577,18.099123,2.448959,0.532319,4.851974,0.481828
587724199894843597,30.41774259,14.59071793,0.366659,17.9823,2.493869,0.743607,5.879309,0.714933
587724199896088807,33.41376644,14.19079444,0.339551,18.752659,1.227757,0.874245,2.240982,0.872119
587724231568195720,19.97590408,13.54285916,0.237441,17.934174,2.87965,0.412505,4.790233,0.452127
587724231571472548,27.69541189,12.99677346,0.356974,18.674381,0.951019,0.785371,1.439626,0.783612
587724232643641573,24.12283998,14.06233497,0.304175,18.403534,1.483274,0.764842,2.78786,0.768656
587724232644886752,26.95425443,13.91341075,0.198339,17.239321,2.821045,0.916522,5.796563,0.95996
587724232646328582,30.2805622,13.4755521,0.123514,17.062796,6.403192,0.213557,14.880732,0.200004
587724232647115138,32.20018079,13.2059846,0.364244,19.171303,1.858383,0.508969,3.297174,0.461694
587724233180840154,24.85654636,14.43563321,0.322593,18.330221,0.837044,0.971586,1.514016,0.928738
587724233181495505,26.45119308,14.23972,0.189118,17.421844,3.876027,0.931271,10.373115,0.922688
587724233716465878,22.00128014,15.10244369,0.128016,17.352365,3.018324,0.765723,6.375619,0.755934
587724233717776580,25.05358531,14.88046363,0.324897,18.354542,1.024154,0.999766,1.777486,0.999929
587724233718825125,27.48633234,14.57188034,0.231375,17.472176,1.851809,0.659852,3.519785,0.624058
587724234252222717,19.38297441,15.74719628,0.38175,18.914242,1.180115,0.869166,1.845408,0.922851
587724234252746833,20.57141576,15.53941886,0.133563,17.687777,1.55399,0.614796,2.797874,0.605943
587724234252747095,20.6370534,15.62612388,3.49508E-4,23.573772,3.411196,0.05,3.303277,0.05
587724234252877998,20.86598923,15.68323909,0.360879,19.156839,0.848325,0.827313,1.281363,0.859777
587724234257465619,31.66314935,14.63369391,0.419149,19.092926,1.514264,0.605989,2.600409,0.567822
587724234257596589,31.9481207,14.53175608,0.356684,17.885468,1.910073,0.677794,3.712943,0.657571
587724240688382124,38.67603612,-8.80896577,0.262587,17.759861,1.052702,0.929097,1.813997,0.928883
587724240688447556,38.69899949,-8.78472507,0.042527,17.699987,3.260719,0.22804,5.117166,0.203792
587724241761009822,36.00469109,-8.34587813,0.27409,17.920214,1.257351,0.743116,2.101862,0.705413
587724241761402956,36.88481984,-8.12015258,0.184193,17.438272,1.980468,0.858858,4.071742,0.810612
587724241762255145,38.79815689,-8.09477343,0.042149,17.533655,4.322622,0.677535,13.397061,0.639257
587724241762779522,40.03888365,-7.92146468,0.403714,18.833879,2.295783,0.380919,3.787807,0.371636
587724241762779620,40.0776675,-7.86898351,0.402573,19.023666,1.436235,0.625851,2.501208,0.581771
587724241762910358,40.28124761,-7.92466118,0.271195,18.650972,0.745407,0.764178,1.235705,0.749313
587724242299060613,38.70501292,-7.54678239,0.456281,19.118841,3.003011,0.492743,6.75886,0.433041
587724242835079290,36.71225978,-7.34057116,0.241535,17.765877,2.13223,0.936469,3.802378,0.953522
587727177921659015,21.1294829,-10.81941615,0.389275,18.781883,1.012831,0.693347,1.592769,0.676951
587727177921855567,21.54236607,-10.67230632,0.142501,16.961674,3.13722,0.972395,7.78145,0.940553
587727177923035290,24.19781325,-10.62429208,0.379935,18.30447,1.215154,0.812422,2.306757,0.772249
587727178458857625,21.83521281,-10.3348393,0.303242,18.281872,1.037067,0.670416,1.544574,0.610408
587727178459709600,23.72559824,-10.18782716,0.322935,18.543251,1.051267,0.977089,1.917799,0.942864
587727178460037262,24.47245862,-10.22300016,0.321927,18.090647,1.255948,0.782805,2.437308,0.758379
587727178467049675,40.73928342,-8.95854553,0.384621,18.755913,2.343145,0.418761,4.864604,0.385437
587727178996252743,23.0084766,-9.74342229,0.100605,17.288971,3.09432,0.737601,6.784661,0.710737
587727178996318368,23.21778432,-9.89536763,0.260897,17.849405,1.848982,0.627195,3.671244,0.623788
587727178996842511,24.30165446,-9.81421965,0.330702,17.510303,2.386052,0.888311,5.166003,0.907455
587727178997629304,26.18693504,-9.73500455,0.431852,18.921518,1.872183,0.663306,4.031332,0.675669
587727178997694609,26.32262022,-9.68227609,0.34379,18.945427,0.783697,0.911334,1.151996,0.929094
587727178997891588,26.83708655,-9.61725033,0.452148,19.261379,1.821149,0.559979,3.413209,0.498683
587727178997956803,26.96723492,-9.56201163,0.445578,18.612661,2.290213,0.656786,5.181722,0.637829
587727178998481099,28.21405601,-9.54003336,0.448414,18.867537,1.202274,0.639865,1.796223,0.621668
587727179001036917,34.04997498,-9.01122427,0.110786,16.528913,4.84554,0.534216,12.320756,0.527221
587727179001692235,35.5355628,-9.03997993,0.166431,17.541153,2.371339,0.67272,4.52938,0.692308
587727179004248290,41.41238854,-8.29730709,0.201639,17.503984,1.555012,0.917188,3.790641,0.892832
587727179004313764,41.51863116,-8.29252183,0.372548,18.95149,1.190161,0.636222,1.837277,0.603144
587727179270193337,35.68524046,-8.87281009,0.263525,17.749596,1.532394,0.88765,3.417662,0.881769
587727179530829933,17.7078218,-9.65374786,0.295373,18.149508,1.016062,0.912322,1.689038,0.874945
587727179531157849,18.44404807,-9.60449369,0.447698,19.515368,1.250555,0.887818,2.258379,0.811372
587727179531747497,19.79456019,-9.57831853,0.387818,17.730297,2.127689,0.929128,5.155977,0.866601
587727179532009587,20.41305933,-9.63760946,-7.32936E-5,15.892775,36.319721,0.518523,4.069473,0.99969
587727179532337261,21.15107379,-9.46384504,0.208344,17.461164,1.399224,0.787199,2.504889,0.763576
587727179532402868,21.27090757,-9.41374496,0.387538,18.282509,1.822053,0.886146,3.47436,0.999755
587727179533123703,23.05434115,-9.46320073,0.274343,17.465664,1.933829,0.664035,3.833121,0.647192
587727179533844647,24.59585568,-9.3207841,0.490632,18.720636,1.540395,0.631339,2.894156,0.686842
587727179536466034,30.75868254,-9.0102072,0.121028,16.999758,3.978926,0.511998,8.416308,0.519436
587727179538366581,35.05175938,-8.53972309,0.110192,16.40317,5.192704,0.265464,12.692481,0.219478
587727179539612067,37.91144751,-8.27801707,0.416781,20.320484,0.828152,0.633347,1.116107,0.685325
587727179540398356,39.70209499,-8.04936922,5.89792E-3,17.107101,7.818946,0.856809,29.668571,0.904367
587727180067504652,17.26805161,-9.17606402,0.390995,19.011019,1.187573,0.744329,1.944144,0.672809
587727180069404773,21.5410522,-9.12972515,0.262686,17.299374,3.107266,0.526923,6.498847,0.521032
587727180072091811,27.79493653,-8.77407224,0.244061,17.747169,3.595111,0.860075,8.281777,0.826709
587727180073009271,29.87335121,-8.5467452,0.13649,16.519224,3.498183,0.520011,6.316269,0.564398
587727180074516583,33.37057794,-8.2205939,0.23606,17.260906,2.338679,0.577272,4.993328,0.540859
587727180077138060,39.34227265,-7.8482859,0.257779,17.779743,1.528061,0.734829,2.952473,0.709859
587727180604571757,17.61116457,-8.75012218,0.053343,16.054749,7.751848,0.215793,19.119707,0.202637
587727180605227105,19.12901817,-8.79638132,0.198225,17.485899,3.027808,0.31806,5.336456,0.278435
587727180606079012,21.1780432,-8.69042551,0.062749,17.384207,1.990508,0.772727,4.072492,0.713524
587727180606079047,21.12570645,-8.66366221,0.156383,17.851646,2.068177,0.732411,3.840048,0.674694
587727180607520951,24.46758221,-8.56847225,0.214543,16.860718,2.353005,0.672242,4.868601,0.658421
587727180607717458,24.84222553,-8.5384158,0.189412,17.872589,2.563381,0.399848,4.225015,0.355361
587727180608503906,26.65653164,-8.43100431,0.120008,17.811687,2.65921,0.770923,6.372447,0.746354
587727180609159301,28.20410734,-8.2630646,0.136175,17.955526,1.87575,0.62962,3.73922,0.599593
587727180609290363,28.49005441,-8.16654051,0.331206,18.960413,1.000517,0.680106,1.867656,0.618329
587727180610797768,32.01317616,-8.05157547,0.43417,18.84767,0.808516,0.908013,1.18128,0.850002
587727180613419192,37.93487931,-7.47625983,0.179902,17.472921,2.355815,0.947826,3.893372,0.999899
587727225160400981,16.61524658,-10.64040618,0.127338,15.825318,5.708739,0.527887,11.838076,0.550732
587727225160401047,16.60126069,-10.65020311,0.127022,17.38385,4.034706,0.362644,9.890919,0.349153
587727225161187485,18.43364444,-10.69357817,0.322345,17.347189,2.426162,0.641342,5.777595,0.602934
587727225161908573,20.11832645,-10.57316789,0.470861,19.254454,1.007927,0.811378,1.895766,0.744282
587727225699500183,21.74214714,-10.1779615,0.360979,18.43507,1.188368,0.723987,2.071879,0.711826
587727226234798238,18.05248757,-9.85393077,0.362879,19.042576,0.987404,0.826916,1.750069,0.80585
587727226235126002,18.8085151,-9.83919717,0.109969,17.572935,3.810824,0.712411,11.546427,0.666158
587727226772717791,20.41983848,-9.340224,-1.12011E-4,20.892076,1.544653,0.05,2.025964,0.05
587727226772914345,20.94305928,-9.36021051,0.348638,19.030455,0.92795,0.770141,1.395622,0.787153
587727226773242246,21.65410355,-9.30775032,0.035933,17.398722,5.566221,0.778705,17.18882,0.76714
587727227309195445,19.49383818,-8.97791582,0.338021,17.735413,3.101594,0.902737,8.241504,0.885597
587727227845345407,17.85806625,-8.64466114,0.139686,17.852242,3.173097,0.380509,6.853214,0.340235
587727227846263175,19.99427608,-8.51816414,0.340962,19.482399,1.907378,0.515684,4.023016,0.415366
587727227846852753,21.43226628,-8.44649563,0.155527,17.65996,2.469907,0.752253,4.341249,0.740301
587727227846852757,21.32449516,-8.46198435,0.287796,17.644758,1.99438,0.654856,3.442822,0.613043
587727229448421602,24.75810637,-10.29484123,0.349726,18.628513,1.012719,0.720194,1.765605,0.692825
587727229449338983,26.80147208,-10.21151797,0.197628,17.400715,4.543645,0.609344,12.498916,0.596726
587727229985292481,24.74618788,-9.93703729,0.498552,19.445068,0.855842,0.999687,1.548839,0.984342
587727229986406533,27.23053442,-9.81024294,0.216593,17.700169,3.619362,0.477859,8.02935,0.478983
587727230521377206,22.83486895,-9.70260565,0.34981,18.708464,1.885376,0.819434,4.954835,0.824042
587727230522687525,25.88144663,-9.49084174,0.190226,17.340918,2.059648,0.874163,4.618207,0.84136
587727231058903194,24.33995706,-9.15026372,0.109882,17.088484,3.247801,0.610167,6.750089,0.580906
587727231059427460,25.55338621,-8.9700298,0.11394,17.711098,2.575697,0.644802,6.288119,0.599461
587727231059492983,25.68930448,-9.01096559,0.135929,16.826784,2.937515,0.838381,7.160346,0.83137
587727231059820685,26.43388313,-9.04790599,0.395239,18.968304,1.526053,0.384252,2.631935,0.328396
587727231060279505,27.53873216,-8.89077029,0.336206,18.531408,1.897998,0.567864,3.385216,0.541807
587727231596626082,26.33752605,-8.64288167,0.113957,16.362207,2.834793,0.871777,6.175317,0.910126
587727231596626384,26.28214656,-8.60188512,0.189187,20.250872,1.430925,0.358272,2.315892,0.302634
587727231596691571,26.37632401,-8.6457722,0.122343,17.455421,5.039254,0.201078,12.322315,0.164108
587727232132841620,24.76191077,-8.28546766,0.116732,17.288332,4.805395,0.221914,10.711739,0.189879
587727232133824670,26.95802004,-8.10584573,0.12968,17.429756,3.850431,0.44475,9.37955,0.41347
587727232134217778,27.9052552,-8.01135426,0.161167,17.214483,2.46899,0.526506,5.115499,0.492497
587727232134348945,28.23163938,-8.11802063,0.166255,17.676472,2.532616,0.805852,5.878001,0.803217
587727232134414646,28.34800283,-8.01765507,0.120025,17.612616,4.263138,0.837412,12.327682,0.786358
587727232134479987,28.52659554,-8.03234489,0.189592,17.571424,2.594958,0.458893,5.171831,0.402958
587727232134545562,28.61844015,-8.01383448,0.372855,18.08802,1.594197,0.974952,3.149074,0.988525
587727232400294012,22.52267415,-8.3672058,0.237993,16.882534,2.952047,0.54215,6.134331,0.551074
587727779206332620,33.84788221,-9.62451039,0.216365,16.780939,4.193199,0.357961,8.660152,0.311296
587727780816486569,32.67923474,-8.51043128,0.222136,17.523882,3.228505,0.363739,6.125926,0.317625
587727780817142052,34.13343876,-8.49048337,0.515154,19.282461,1.846352,0.682025,4.34176,0.656655
587727780817272940,34.43697394,-8.33204479,0.162742,17.440825,2.971714,0.577093,6.37381,0.54994
587727882819469608,30.07638067,-9.54568758,0.285676,17.815277,2.896863,0.737764,6.443866,0.766052
587727884967215218,30.66924886,-7.86635561,0.325591,18.389605,1.766125,0.723316,2.867073,0.749879
587727884967281048,30.77613693,-7.91403698,0.413313,19.364122,1.263355,0.586834,1.778239,0.594318
587731511536975882,30.02209206,-0.8868292,0.213168,18.489836,1.903129,0.567187,3.931319,0.59454
587731511536976136,30.03770045,-0.88410706,0.208984,17.430387,3.434815,0.708232,8.924614,0.742217
587731511537172668,30.56862314,-0.89803026,0.162863,16.561537,4.222757,0.315851,9.56198,0.285902
587731511538155821,32.8251465,-0.96464444,0.192032,17.179951,3.146552,0.425115,7.28264,0.38526
587731511539466462,35.77739663,-0.9073578,0.317984,19.344343,1.148293,0.708257,1.948169,0.713828
587731511541170349,39.64202648,-0.95563593,0.373865,18.77701,1.224636,0.733951,2.25889,0.727908
587731511540056266,37.05340248,-0.92918702,0.405168,18.882748,1.187473,0.773759,2.001611,0.773495
587731511540056259,37.0408109,-0.91800739,0.363091,18.764097,1.281314,0.611244,2.326976,0.580416
587731512070439110,22.34901357,-0.55715104,0.1351,17.614895,2.68467,0.777296,6.551838,0.714133
587731512074043655,30.5832188,-0.48572604,0.369602,17.991133,1.889598,0.790294,4.454312,0.775993
587731512075813118,34.62747696,-0.42964856,0.290875,17.776787,1.550161,0.721089,3.35001,0.666007
587731512606195926,19.74017703,-0.19058861,0.341312,18.292046,1.278898,0.666198,2.698518,0.591902
587731512606261398,19.86058667,-0.10398615,0.351451,18.415094,1.267341,0.914601,2.778896,0.901356
587731512077058240,37.39034757,-0.54384148,0.362498,19.022528,0.807016,0.820658,1.329725,0.787078
587731512606523597,20.53469849,-0.17178625,0.371868,18.734663,1.63544,0.469942,2.673096,0.443458
587731512608227528,24.330569,-0.11822884,0.346895,18.289938,1.292134,0.743636,2.729002,0.688618
587731512609472769,27.2117487,-0.11219151,0.393616,17.597473,1.905277,0.641991,4.040981,0.625888
587731512612487336,34.05988791,-0.04748068,0.201491,17.118822,2.52073,0.960294,5.29105,0.93871
587731512610324697,29.22072015,-0.08504229,0.045324,17.583525,3.729798,0.2291,8.05308,0.206603
587731512614912125,39.60549445,-0.18842627,0.026663,15.124062,6.160882,0.38843,12.543094,0.432561
587731512615895219,41.89072925,-0.17302882,0.204156,17.022566,2.984375,0.860044,7.002201,0.86883
587731513141624968,16.49041133,0.36211499,0.249621,17.265039,3.580494,0.727902,7.835126,0.751978
587731513142345930,18.0350605,0.36978832,0.416507,18.837078,0.947216,0.920222,1.514606,0.943532
587731513143394567,20.50870043,0.34051768,0.169934,19.487917,1.155578,0.517664,1.301581,0.590183
587731513147654260,30.29192578,0.41856478,0.174256,17.032049,3.114121,0.626807,6.953602,0.62367
587731513148637331,32.4219626,0.2662507,0.202025,17.22518,1.573382,0.955214,3.227536,0.90673
587731513149358169,34.14416436,0.39305526,0.12299,16.897873,3.023687,0.559953,6.451037,0.537539
587731513151193279,38.32246624,0.40973484,0.208194,17.121778,2.396998,0.682317,5.147904,0.678111
587731513151324326,38.60242993,0.31238132,0.41149,18.729055,1.235229,0.88042,2.505995,0.860725
587731513679478976,18.64224939,0.69352383,0.354743,17.85428,2.606907,0.518111,6.366571,0.465048
587731513679806592,19.37931208,0.78080501,0.072401,16.141273,3.229078,0.707623,6.374486,0.705669
587731513680068795,20.07930466,0.75817454,0.356068,18.373331,1.174687,0.730792,1.852065,0.742071
587731513682886716,26.43397597,0.77703327,0.193046,17.148954,2.826785,0.74665,5.908684,0.754529
587731513681379488,23.0853416,0.7028834,0.294462,18.582811,1.483065,0.462224,2.509822,0.444658
587731513684787314,30.76997382,0.69630897,0.075665,16.137573,5.128606,0.772569,12.853378,0.749898
587731513686753483,35.31615513,0.69125958,0.163225,17.690062,1.879892,0.58469,3.601754,0.545733
587731513687212409,36.39003509,0.7032745,0.398465,18.907875,1.771372,0.571196,3.348652,0.569836
587731513687539846,37.08691456,0.68724653,0.041115,14.853503,7.24724,0.632301,14.648065,0.674029
587731514215628910,17.0234879,1.2027829,0.202769,17.186598,2.326465,0.682939,4.55093,0.649891
587731514215628980,17.01473581,1.08359465,0.043215,17.066509,5.874032,0.770076,22.418755,0.70944
587731514220216543,27.49896388,1.19211755,0.14209,17.615524,5.293122,0.200155,12.951577,0.187654
587731514220871809,29.05188795,1.05225841,0.0873,17.329981,3.410618,0.596854,9.283654,0.547922
587731514222510237,32.81051778,1.08762089,0.04044,15.230083,4.611963,0.93781,10.109253,0.950613
587731514224672963,37.75888648,1.1796232,0.126837,16.71479,3.583831,0.594441,8.051808,0.578076
587731514225524896,39.67080307,1.08228934,0.381787,19.130613,1.059379,0.715883,1.710697,0.647294
587731514226704548,42.31956626,1.17163633,0.358614,18.70351,1.016092,0.920134,1.484906,0.931557
588015507671351470,28.82760663,-1.10839891,0.236703,17.565805,2.012093,0.518897,4.513844,0.466529
588015508203372729,17.74591236,-0.65717717,0.363338,18.534109,1.216305,0.874307,2.197563,0.882629
588015508203569274,18.12240266,-0.83274999,0.207807,17.548691,2.229422,0.570429,3.759718,0.610974
588015508209074457,30.71705438,-0.81460327,0.254392,17.664639,2.496891,0.62172,5.656839,0.583881
588015508209402137,31.54072165,-0.81264339,0.374503,18.698067,1.823742,0.468951,3.678553,0.45
588015508209533036,31.81639918,-0.79733843,0.292636,18.148432,1.204694,0.66933,2.083108,0.645002
588015508211892468,37.17210341,-0.71433311,0.414194,18.359316,1.630831,0.816243,3.479299,0.744774
588015508213530774,40.84152887,-0.76333457,0.177534,17.349169,2.394048,0.380049,4.315774,0.327354
588015508214120746,42.29968355,-0.81366356,0.272016,17.606787,2.461845,0.754293,5.472082,0.756834
588015508739719371,16.44614351,-0.33816994,0.317973,18.499245,1.218174,0.775654,2.131361,0.773192
588015508740112541,17.43491175,-0.33276004,0.296497,17.937025,1.219314,0.912917,2.221752,0.930021
588015508741292263,20.12839312,-0.33071655,0.351558,18.608887,1.235634,0.67525,2.475249,0.645335
588015508743979135,26.26361967,-0.30002715,0.198067,16.493395,5.953166,0.573719,12.478486,0.613973
588015508750663961,41.56426649,-0.30967118,0.027992,17.589035,3.605521,0.843896,9.892262,0.846714
588015508750926075,42.11259824,-0.33684559,0.414073,19.287838,0.964032,0.727471,1.424699,0.736775
588015509276590237,16.52889968,0.13704991,0.070455,16.010883,4.961147,0.826876,12.005987,0.791728
588015509277835479,19.30553069,0.03473414,0.341414,18.525442,0.963727,0.902737,1.675701,0.90393
588015509278359738,20.55491891,0.1937736,0.095167,17.324324,2.701038,0.261733,4.783317,0.220757
588015509279998167,24.33441957,0.16276473,0.442095,18.712921,1.82772,0.629854,4.086284,0.619582
588015509281964056,28.73880473,0.13384353,0.211355,17.351936,1.310041,0.89185,2.554319,0.844068
588015509281964193,28.78408497,0.08546163,0.081464,17.311737,4.131948,0.273577,9.190677,0.272574
588015509284061278,33.57520241,0.03357322,0.101135,16.809292,4.714993,0.735384,12.321696,0.726521
588015509286224003,38.47108964,0.07761778,0.186251,17.493505,1.468621,0.659324,2.903069,0.714106
588015509286682853,39.59920553,0.18706797,0.145719,17.682955,3.492186,0.54857,8.901867,0.499976
588015509286748437,39.73462448,0.07101587,0.375151,18.531248,1.033042,0.727215,1.814361,0.72517
588015509287207078,40.78994677,0.09232738,0.044474,17.465027,6.552575,0.212649,16.13438,0.197673
588015509813985422,17.72200964,0.54293055,0.187809,17.122763,4.212413,0.54807,11.553441,0.501705
588015509814509792,18.91738452,0.58794838,0.215622,17.694077,3.882595,0.412097,7.973088,0.377994
588015509815820508,21.87648999,0.44271172,0.194808,17.582502,4.140947,0.349088,8.328876,0.32509
588015509816344777,23.02164455,0.51105146,0.344377,18.738544,0.824427,0.728824,1.298483,0.730291
588015509816738033,23.96587307,0.56201254,0.136561,17.522676,4.263919,0.53218,9.892922,0.517107
588015509817655505,26.09381269,0.50823624,0.084795,17.537067,3.464494,0.715614,8.509835,0.699999
588015509818245329,27.49541766,0.61329972,0.358893,18.594332,1.51372,0.925653,2.905067,0.988105
588015509818769792,28.67431499,0.61160372,0.015408,17.427435,6.595679,0.454282,19.120083,0.396147
588015509819359533,30.01644759,0.59505453,0.42766,19.032261,1.238033,0.784932,2.354186,0.766668
588015509820670092,33.03209853,0.62379036,0.343979,18.699087,1.327865,0.603538,2.817585,0.510977
588015509822505155,37.11054996,0.48612497,0.39938,18.719833,1.212453,0.685218,2.172814,0.695241
588015509822505230,37.23895403,0.52934623,0.332814,18.193396,1.281376,0.738804,2.279656,0.703813
588015509823357053,39.14345308,0.45602697,0.131046,17.616837,2.793309,0.451675,5.393724,0.431838
588015509823422795,39.32400589,0.43691394,0.389236,18.083845,2.90191,0.579408,7.011867,0.591378
588015510350921883,17.87522577,0.84996235,0.414448,18.728096,1.216322,0.788243,2.436369,0.821965
588015510350922151,17.86548917,0.98654639,0.474976,19.251472,1.490786,0.883765,2.859681,0.883091
588015510351249552,18.56858861,0.99332837,0.070248,17.248175,5.083255,0.321095,15.109672,0.256173
588015510353019085,22.64914416,0.85783609,0.395506,17.570509,6.298159,0.800156,21.204144,0.850031
588015510355050667,27.30871665,0.87452987,0.180015,17.487658,3.014022,0.248905,5.459078,0.206761
588015510355640601,28.68500266,1.0111375,0.41547,18.667198,1.649624,0.676296,3.181175,0.674438
588015510355771659,28.88582823,0.88089218,0.384478,18.646645,1.508458,0.658059,3.161873,0.615843
588015510355902898,29.18958124,0.94175499,0.486309,19.533529,1.02796,0.742488,1.984895,0.762132
588015510356426958,30.44162307,1.03871963,0.130112,17.12517,3.101388,0.311701,5.916677,0.276721
588015510357934239,33.93226252,0.8751365,0.212134,17.717237,1.193253,0.755496,2.239917,0.761031
588015510360096929,38.82714057,0.86034175,0.259896,17.753029,1.265784,0.943642,2.30531,0.942904
588015510361276507,41.4542298,0.90837073,0.075381,16.168911,4.909352,0.761129,12.320681,0.754572
588015510361407584,41.8300463,1.04636436,0.101045,16.445572,5.272066,0.449231,11.486113,0.422058
587724240153215010,42.59307252,-8.8120403,0.19361,17.122677,2.021513,0.829908,4.220577,0.816666
587724240153280742,42.67810943,-8.89835369,0.422917,19.313339,1.015053,0.929527,1.442653,0.799742
587724240156819598,50.83630141,-8.03179619,0.223945,17.645546,3.200002,0.801298,7.938601,0.846113
587724240692969615,49.09736323,-7.7971822,0.218008,17.537605,3.516524,0.337218,7.059819,0.305143
587724240697229566,58.85739108,-6.36432693,0.170598,17.920336,2.649431,0.726465,5.774432,0.688518
587724241228857523,46.91311379,-7.56827717,0.202343,17.553034,2.521703,0.618484,5.295695,0.578879
587724241230299312,50.18966562,-7.11440405,0.348665,18.122959,1.586508,0.712422,3.673541,0.664716
587724241231544782,52.95785268,-6.77308247,0.316101,19.141525,2.289811,0.380106,3.96441,0.46429
587724241235083412,60.99944159,-5.76187898,0.192404,17.593626,1.210569,0.910823,2.520461,0.926867
587724241764024516,42.83545024,-7.67385832,0.370132,19.143625,2.289629,0.547709,3.565069,0.549981
587724241769070859,54.41673665,-6.17290711,0.378795,18.858965,2.06511,0.471124,4.445569,0.452437
587724241769136387,54.59733286,-6.28405839,0.296622,17.762255,1.531105,0.690682,2.893886,0.692969
587724241770447086,57.49082115,-5.79180067,0.54688,19.619661,1.234509,0.663686,2.304379,0.634302
587724242303844610,49.59209337,-6.43498405,0.194714,17.912102,3.110473,0.441296,6.711205,0.449965
587724242304893119,51.93634776,-6.08092396,0.14701,17.465466,3.075587,0.900809,8.072784,0.903632
587724242307448950,57.81327563,-5.44193649,0.12508,16.597626,4.164917,0.669655,10.996733,0.635311
587724242308366751,59.92580829,-5.04231192,0.065231,17.760159,8.21542,0.135658,23.157881,0.094403
587724242838028422,43.33613447,-6.76491744,0.114245,17.815523,3.762456,0.713347,9.893913,0.669718
587724242844254554,57.65722895,-5.03066836,0.524521,19.529312,1.182091,0.999872,2.158555,0.999878
587725469052371011,118.15257936,38.74323699,0.083018,16.491629,5.294008,0.98265,17.747515,0.950131
587725469588259005,116.09129071,37.19112336,0.132776,17.934143,2.260056,0.656727,5.116417,0.647926
587725470125195571,115.72298165,37.4897132,0.132209,16.502554,3.720475,0.788794,8.595624,0.788776
587725470126244374,117.52975883,39.50576354,-7.12152E-5,18.977608,1.804611,0.429505,2.760685,0.427783
587725470127358245,119.36192209,41.61633426,0.132872,17.70462,3.536316,0.216634,6.613959,0.175001
587725470664884594,120.01682953,43.14304023,0.329577,18.116846,1.172461,0.824265,1.992892,0.888151
587725471200117239,116.87372389,40.18625346,0.010528,17.285793,14.954059,0.444212,29.665987,0.621049
587725551192506834,115.98026254,40.0250111,0.339107,18.119183,1.510244,0.733004,3.204956,0.716527
587725551194603781,119.11689954,44.09684165,0.04871,16.227457,6.593823,0.66635,19.308546,0.663636
587725551194734931,119.39028668,44.4394407,0.366645,18.920004,1.221782,0.766563,2.078817,0.721907
587725551195390142,120.44558787,45.60299864,0.062351,16.841957,5.066698,0.498883,14.715995,0.470266
587725551727477264,112.64460789,36.52931348,0.072509,17.341778,2.335002,0.874003,4.81664,0.868136
587725551728264106,113.79919295,37.93418509,0.68855,21.168331,0.906521,0.539086,1.337744,0.611854
587725551732130167,119.83206922,45.5861061,0.121221,17.815447,3.600534,0.876369,9.889214,0.864955
587725552269263194,119.82051139,46.3153455,0.346443,19.237741,1.245851,0.668368,2.185584,0.678604
587725552806396309,119.86037247,47.06125367,0.183145,17.548796,3.797398,0.854539,10.61958,0.774023
587725774528381480,112.98127744,36.56654596,0.29591,18.110573,1.867593,0.83586,4.066945,0.843518
587725774531395971,117.29126882,42.44795837,0.286295,18.267279,1.267759,0.843489,2.53633,0.812346
587725774532182269,118.8537851,43.97829571,0.143901,16.462378,4.854341,0.837752,13.096599,0.847332
587725775069249923,118.61726969,44.57167921,0.326585,18.40238,1.524835,0.780097,3.146427,0.769445
587725775069839756,119.73997814,45.7415111,0.494852,19.666342,0.952606,0.728305,1.424759,0.711585
587725775602909760,113.12616418,38.52909395,0.090106,17.750051,4.952737,0.350004,11.747829,0.299999
587725775605071885,116.22173144,42.75646562,0.039223,17.702486,6.712034,0.816785,24.490004,0.759942
587725775606775987,119.27745592,46.01350696,0.097208,16.850063,4.58952,0.760746,12.321679,0.738186
587727177932603548,46.35493081,-8.71297728,0.121386,17.88698,2.432936,0.909477,5.054927,0.91067
587727177937322379,57.07600584,-7.28485741,0.369237,19.214689,2.383391,0.392931,5.169024,0.349959
587727177937846345,58.38949786,-7.14837365,0.191885,17.481228,2.457084,0.527928,5.404483,0.517551
587727178468753586,44.69241426,-8.55111181,0.411942,18.969395,1.221691,0.63252,2.146172,0.607571
587727178469015766,45.26929141,-8.40531955,0.425337,19.20241,1.013224,0.778888,1.93292,0.721346
587727178469933170,47.37320739,-8.09121789,0.25542,17.799284,1.189518,0.790486,1.894381,0.795704
587727178470064247,47.66130956,-8.07488956,0.082336,17.53717,3.306468,0.881236,8.270923,0.89998
587727178470850794,49.43636754,-7.94935577,1.09422,17.055042,9.781267,0.05,20.641937,0.05
587727178470850820,49.51942559,-7.937255,0.712292,17.131027,11.647758,0.05,20.440248,0.05
587727178473275470,55.03876771,-7.28364793,0.212931,17.620684,1.578035,0.731867,3.145019,0.696116
587727178475635147,60.44227316,-6.52643647,0.346,18.900696,2.259722,0.451573,4.456507,0.422998
587727178476617981,62.66394465,-6.23288223,0.323215,17.998451,1.903667,0.682046,3.613669,0.720426
587727179005428149,44.15610412,-8.00066406,0.511018,20.706001,0.900767,0.601793,1.051369,0.571895
587727179006804140,47.25977444,-7.72246717,0.120023,17.713108,3.293281,0.699885,8.325479,0.666616
587727179007853028,49.75800062,-7.48142837,0.464906,19.064613,1.587091,0.685217,3.172135,0.688304
587727179009163383,52.65476229,-7.16059063,0.137526,17.192087,2.452435,0.931616,4.726364,0.926857
587727179009884226,54.41184124,-6.95874631,0.150489,17.027252,1.816852,0.770417,4.422411,0.865198
587727179011653835,58.34392173,-6.34927921,0.236375,18.088043,2.8013,0.522963,5.711363,0.5233
587727179012571615,60.52133618,-6.05514722,0.418483,18.594807,1.836648,0.715583,3.988043,0.685418
587727179541643433,42.62376071,-7.89201237,0.33165,18.833027,1.262756,0.662006,2.090176,0.593835
587727179542429890,44.45846447,-7.67864873,0.310714,18.836237,1.195053,0.786759,1.75423,0.786444
587727179547934938,56.94967446,-6.18165277,0.13326,17.691315,4.718941,0.486395,12.629731,0.46972
587727179548459032,58.16520765,-6.02233556,0.317502,18.362936,1.875324,0.766385,3.813777,0.739695
587727179548655813,58.55894663,-5.91085672,0.285447,17.649275,1.215449,0.933897,2.26405,0.95366
587727179549507756,60.59887318,-5.57427874,0.217903,17.60968,2.457327,0.478252,4.432018,0.438384
587727179550228717,62.25436593,-5.30960353,0.32059,18.176178,1.459565,0.843974,2.378008,0.889306
587727180078579865,42.68035215,-7.35177381,0.197335,17.124889,2.92528,0.766783,5.992442,0.800128
587727180080677057,47.57323913,-6.86154591,0.372906,18.502146,1.889924,0.575637,3.846304,0.575053
587727180082446486,51.5992956,-6.38430732,0.179737,17.458012,4.094516,0.812642,9.892396,0.795668
587727180085067949,57.48289042,-5.53169357,0.164483,17.669846,2.3657,0.313035,4.183576,0.278226
587727180085199012,57.76635713,-5.64203502,0.286567,17.477665,2.30644,0.837432,4.938287,0.874543
587727180615385216,42.55199471,-7.08491018,0.072446,17.391731,4.901868,0.165823,11.124749,0.132615
587727180616499311,45.13024793,-6.74362937,0.12479,17.098766,4.844928,0.357877,12.176969,0.31408
587727180617482348,47.35916293,-6.46924973,0.131144,16.941599,3.294545,0.628293,6.59877,0.587696
587727180617613417,47.52345944,-6.3851868,0.185211,16.815292,3.692029,0.784244,9.419668,0.750144
587727180619186694,51.22721273,-6.05785201,0.407777,18.568377,1.898364,0.864508,3.814938,0.855776
587727180619251923,51.38606658,-5.93601946,0.231106,17.858109,2.814397,0.646738,5.66764,0.635977
587727180620431563,54.06651221,-5.64817719,0.102794,16.477724,3.970435,0.778228,9.113826,0.760515
587727180621348988,56.07331176,-5.35521855,0.135183,17.358627,4.01358,0.286469,8.415821,0.249943
587727866179682419,116.01319605,33.99833762,0.14241,20.338705,57.236996,0.149999,29.655588,0.05418
587727866180075967,116.75375356,34.78176981,0.304791,17.803501,2.443095,0.491681,5.281355,0.468619
587727866182107410,120.00831682,38.50043517,0.221199,17.556534,2.148208,0.966897,4.35824,0.949821
587727866716685298,115.78001197,34.56423197,0.572518,19.75634,1.587094,0.665231,3.227652,0.630171
587727866718716321,119.13667998,38.33936278,0.118885,16.715229,3.907454,0.880893,9.978342,0.830602
587727867254210606,116.38120921,35.94427534,0.134933,17.144011,3.180143,0.354604,6.37489,0.318972
587728668801565357,116.08954343,33.66901128,0.376014,18.750549,1.548357,0.821872,2.700116,0.807131
587728669339025480,116.53580397,34.93670493,0.236287,17.669054,3.532007,0.709063,8.547338,0.700469
587728669340205496,118.56693584,37.18775164,0.080084,17.329687,4.382971,0.564189,12.323501,0.544066
587728669340270861,118.41790511,37.31455246,0.258232,18.636164,1.9309,0.769488,3.969121,0.792877
587728669340402049,118.628602,37.58554128,0.324432,18.876711,1.029956,0.672767,1.685681,0.630019
587728669874848005,114.47842345,33.25112458,0.149677,17.780554,2.882542,0.885268,6.582448,0.900051
587728669874848174,114.48333847,33.19485831,0.128636,17.32263,2.85503,0.613259,6.971786,0.550002
587728669877207541,118.31231439,37.64791633,0.106035,17.361624,4.144557,0.509538,10.080312,0.50181
587728905562947788,118.12240023,33.6134618,1.67625E-4,17.388083,1.175203,0.511932,2.446965,0.643736
587728906634396567,113.69682297,29.81781725,0.390938,18.965712,2.012072,0.632816,4.228492,0.611288
587728906636100133,116.27641851,33.02928967,0.119762,17.712849,3.398781,0.854922,8.938816,0.835146
587728931332554902,114.52472168,29.85260486,0.392858,20.82589,26.252396,0.149995,29.663465,0.127452
587728931332948538,115.15652364,30.58570808,0.226465,17.535685,2.021795,0.765221,4.402471,0.733198
587728931333538192,116.01018952,31.69296312,0.32878,17.817503,2.971373,0.648575,6.146239,0.648974
587728931869688412,114.54863389,30.57187277,0.228119,18.186642,3.381842,0.292681,7.914142,0.242995
587728931870212487,115.3502176,31.47842005,0.33612,18.81254,1.218025,0.734045,2.150842,0.71677
587728932406624360,114.21592307,30.89170732,1.06181,17.274086,7.333172,0.822349,29.248337,0.757361
587728932409442638,118.8042178,36.08617669,0.132033,17.370214,2.267492,0.80454,3.575973,0.772184
587731511544381598,46.99558641,-0.94031495,0.364243,18.837749,1.172515,0.763987,1.829728,0.787352
587731511546675372,52.26073666,-0.92744768,0.066968,15.003148,5.577184,0.829078,10.402869,0.848554
587731511546675458,52.27590503,-0.95080012,0.191835,17.077133,3.684831,0.785518,8.191409,0.767941
587731511817011498,56.5476354,-0.98767423,0.190891,18.112835,2.748198,0.897162,6.897506,0.875374
587731512081645809,47.84036333,-0.62303635,0.20678,17.608303,3.023504,0.824011,7.545097,0.765019
587731512081318060,47.12814747,-0.47377304,0.368003,18.898893,0.972863,0.767282,1.469437,0.778125
587731512083284374,51.62019663,-0.51208505,0.419381,19.697502,0.990373,0.684841,1.833083,0.588428
587731512616353924,42.92610437,-0.19849537,0.362144,19.122747,0.674803,0.923229,1.105825,0.832876
587731512617009189,44.42556833,-0.05365213,0.135528,17.244318,2.294785,0.727982,4.563125,0.840198
587731512617533584,45.69597972,-0.20115717,0.1586,17.078213,2.530716,0.861193,5.817389,0.82688
587731512617795785,46.24071228,-0.07387358,0.169887,17.717216,2.348075,0.824879,5.246474,0.808329
587731512618778855,48.5170391,-8.19393E-3,0.074798,17.669254,4.89356,0.638437,14.717524,0.651883
587731512618779113,48.563414,-0.03370443,0.13147,19.093531,2.967718,0.275137,6.373663,0.220481
587731512618975403,48.89758012,-0.19297447,0.297165,18.137121,1.448942,0.720379,2.616096,0.712417
587731512619434163,50.03401121,-0.10771011,0.319041,17.879744,1.488141,0.823202,2.676764,0.855867
587731512622383255,56.69595892,-0.06955251,0.040022,17.259762,5.687463,0.139734,12.82927,0.106667
587731512623104182,58.38682615,-0.10800035,0.15625,18.519684,1.775202,0.472029,2.962552,0.432685
587731513154863221,46.66071807,0.37356017,0.204355,17.443914,1.33361,0.68426,2.397658,0.691379
587731513155387522,47.83339767,0.23350529,0.208488,17.934601,1.236178,0.859476,2.393224,0.855408
587731513157353728,52.37128114,0.35056652,0.317799,18.280933,1.427017,0.838607,2.458734,0.905905
587731513157353793,52.44603133,0.26524862,0.319697,18.088066,2.362659,0.684467,5.159976,0.684953
587731513157943477,53.77834528,0.3371278,0.039632,15.82814,8.632263,0.337226,23.579081,0.331353
587731513159450642,57.12996446,0.40003733,0.131012,17.97583,1.231453,0.88381,2.265371,0.916855
587731513159647415,57.67082267,0.34398517,0.159192,17.788366,4.360296,0.359685,10.710276,0.32301
587731513159778528,57.97159422,0.3542103,0.212133,17.952055,1.441395,0.728958,2.581026,0.748175
587731513156698337,50.91534895,0.30910106,0.214629,17.895489,2.628664,0.644306,5.610797,0.610273
587731513159844060,58.1390201,0.30794508,0.381718,19.097059,0.959435,0.707177,1.510264,0.684449
587731513690816657,44.61531833,0.70055703,0.171842,17.532082,2.738384,0.824639,6.372614,0.791126
587731513690816823,44.57583906,0.825308,0.393235,17.494095,5.707508,0.773531,18.440704,0.712708
587731513690882266,44.76468177,0.76636479,0.185266,17.747231,3.030061,0.807344,6.939543,0.739369
587731513694093425,52.05706215,0.80819254,0.049788,16.247019,8.214569,0.492325,29.34153,0.450004
587731513694224579,52.39379874,0.65891039,0.086206,16.831522,4.250546,0.952599,12.121614,0.929581
587731514226901135,42.7992315,1.25710137,0.344228,18.227587,1.25431,0.8095,2.284075,0.782566
587731514228080804,45.50476048,1.1302012,0.102686,17.052114,3.848541,0.83352,10.173726,0.809035
587731514228539530,46.51968539,1.14999364,0.081208,17.704885,2.932321,0.552404,6.668466,0.518303
587731514228736531,47.06946807,1.16064324,0.440759,19.642839,1.086002,0.630112,1.78218,0.522479
587731514229784806,49.33981448,1.18540983,0.369937,18.656696,1.276805,0.818037,2.379991,0.791655
587731514231619686,53.52497387,1.09451426,0.047569,15.786686,7.033351,0.399999,19.123407,0.386029
587731514232209620,54.90615992,1.10675011,1.38637,19.535063,0.687657,0.766917,0.953501,0.76586
587731521197768892,117.66038356,28.33155878,0.121472,17.360832,2.978283,0.897045,7.58563,0.861776
587731521198096862,118.31887065,28.85104752,0.320846,18.372978,1.620105,0.732353,2.958641,0.777335
587731521199276466,120.23622405,30.89440808,0.429325,19.131639,0.998502,0.78233,1.740921,0.712366
587731521734181192,116.56356836,27.76953557,0.146519,16.571707,4.518292,0.576907,7.990585,0.599894
587731521735688471,119.07132696,30.30632261,0.431217,18.871485,1.586496,0.840222,3.267393,0.806492
587731521736212901,119.89789156,31.296281,0.165359,17.718058,3.233196,0.724103,8.012269,0.652117
587731522271445473,116.85442606,28.69965808,0.154422,17.842644,2.639601,0.806484,5.908991,0.768456
587731522271511067,116.93569294,28.86879045,0.062973,17.318113,4.158549,0.571577,12.322477,0.508755
587731522271576534,117.005666,28.90827188,0.430469,19.314642,1.189768,0.663014,1.925981,0.701668
587731680111100161,118.50640558,29.43801948,0.102269,16.485605,4.180039,0.791708,10.237494,0.753371
587731680647578331,117.55196332,29.09293983,0.461452,19.487291,1.291866,0.760851,2.341262,0.809591
587731680647643696,117.50708224,29.17373109,0.027085,17.654884,6.008691,0.755871,19.122952,0.749916
587731680647971063,117.99675379,29.76242469,0.121491,17.632326,2.452279,0.5739,4.7785,0.51945
587731680649216279,120.43758805,31.89104385,0.078695,15.972245,4.837209,0.750011,12.617464,0.749998
587731680648036770,118.26010048,29.94945833,0.23644,17.93157,3.636894,0.658664,8.52884,0.635683
587731681184842067,117.84700195,29.98791915,0.080792,17.522001,4.283914,0.451771,11.434979,0.400152
587731681184842177,117.81337406,29.96977038,0.442379,18.547634,2.324717,0.870259,4.463214,0.874585
587731681184907479,117.82181655,30.09768372,0.080647,17.245762,3.260764,0.630688,7.499772,0.583391
587731872845529778,114.39841257,26.61182007,0.396399,19.087654,1.011168,0.921978,2.175529,0.877605
587731872845398712,114.24845034,26.33079785,0.082905,16.936533,1.920042,0.785359,3.336425,0.821028
587731681186152916,120.12968161,32.17789093,0.069981,17.568789,3.702598,0.764518,10.308344,0.749859
587731872845857232,114.73038593,27.17283415,0.092383,16.799959,4.003032,0.425821,8.752854,0.394781
587731872846119065,115.15575914,27.70788611,0.10695,15.353299,4.897076,0.39041,29.668047,0.602614
587731873382335009,113.8310414,26.70473499,0.14589,17.538527,1.48422,0.523444,2.288845,0.491027
587731873382335103,113.9330446,26.70653767,0.39926,19.200216,1.248551,0.626855,2.355991,0.559362
587731873382662510,114.2807351,27.34762784,0.292653,17.999344,1.281111,0.814538,2.910462,0.759376
587731873384759354,117.66132111,31.07832687,0.315757,18.023651,1.918013,0.6659,4.107171,0.665679
587731873919205853,113.5256604,26.87270812,0.080818,16.942839,3.662121,0.879862,9.890289,0.858977
587731873919205934,113.523973,26.94614845,0.080293,16.777657,3.213509,0.424666,6.167439,0.417518
587731873919271521,113.50504307,27.16587582,0.067113,17.299398,6.045687,0.191905,15.349828,0.173274
587731873920385336,115.31558807,29.13464403,0.03931,14.711118,4.14318,0.935248,5.116208,0.909711
587731873922482579,118.81195808,32.90987373,0.181208,17.394726,2.360327,0.556629,4.446975,0.551059
587731874458108435,116.4257394,30.8951001,0.153289,17.282543,2.982968,0.2783,5.176101,0.240738
587731874458960376,117.83167478,32.39209511,0.454909,18.602072,1.619654,0.868849,3.555722,0.787157
587731885731479621,116.46116459,28.77614288,0.371913,18.758352,1.219208,0.867236,1.9795,0.876687
587731886268023031,115.61026415,28.55606488,0.191239,18.563314,3.044806,0.494248,7.941155,0.454589
587731886268023322,115.7132252,28.36195105,0.391566,18.642748,1.5792,0.733151,2.93012,0.728249
587731886269399358,117.91963538,30.91211968,0.115793,17.495653,3.414521,0.333821,7.028341,0.286518
587731886805680575,116.50657437,30.21004868,0.186832,17.608074,3.125116,0.631215,6.772525,0.610861
587731886805680623,116.6214714,30.05653246,0.107677,17.71936,3.181172,0.856029,7.916005,0.807292
587732053771682114,116.18213415,25.14072174,2.48819E-3,17.782156,4.858227,0.699997,16.04495,0.749996
587732054307569916,114.28353478,23.82734476,0.30345,18.380802,0.867607,0.867006,1.637698,0.744894
587732054310126285,118.6681367,27.96171877,0.061633,17.51432,4.434797,0.946426,13.639254,0.911855
587732054310388266,119.11951266,28.49786011,0.065766,17.643061,2.953313,0.90488,8.924864,0.873198
587732054846865763,118.14932258,28.0500684,0.102105,15.975695,6.626754,0.72681,19.558001,0.743026
587732152555929950,117.18287329,23.68598244,0.10145,17.244066,4.431773,0.290774,9.54506,0.254673
587732153629147664,115.57132554,23.38930306,0.298562,18.215033,1.27025,0.920509,2.277918,0.850137
587732153629278908,115.7929178,23.61677962,0.413025,19.117651,1.0419,0.863447,1.930701,0.772999
587732156314026913,116.9621261,23.30166493,0.444178,19.510088,1.623403,0.523191,3.353969,0.507822
587732156852601119,119.70764488,26.32418746,0.139102,17.401564,1.868861,0.740487,3.57676,0.746512
587732157387244232,115.4878724,23.02225741,0.134102,17.522499,3.670574,0.554712,10.55011,0.531366
587732157387375186,115.65555673,23.38960401,0.19239,17.306,3.898527,0.494333,9.40048,0.466093
587732470382985568,120.23688162,26.47956324,0.250341,17.307827,1.897121,0.759867,4.031296,0.71106
587732470918939126,118.24498102,25.28281294,0.081546,17.310844,4.866877,0.58462,13.363153,0.558552
587732470919266685,118.81462588,25.88660021,0.097949,17.043417,4.492697,0.355318,8.799295,0.350396
587732471455875580,118.01911842,25.69580804,0.281922,17.816706,1.532804,0.792702,2.891491,0.791786
587732471455940819,118.18667414,25.78632636,0.085322,16.417877,3.291116,0.981628,6.634219,0.927331
587734622161076819,116.0097964,20.95452095,0.16658,17.700708,3.410816,0.944567,8.070259,0.941723
587734622162977070,119.50598554,23.80673554,7.51E-3,17.725218,6.631109,0.853646,24.606079,0.840523
587734623237439560,120.2168619,25.52568239,0.482314,18.682682,3.571147,0.562184,9.501052,0.549411
587734841204474501,116.28478063,21.44789883,0.487128,20.075409,1.296173,0.844443,2.630773,0.772046
587734841205522727,118.11729131,23.12169097,0.432459,19.290771,1.176149,0.637102,1.699854,0.591968
587734841205916129,118.96432776,23.80910596,0.146145,17.427258,2.807409,0.902565,6.836874,0.872268
587735042533818624,119.95754074,22.05367538,0.199291,17.823555,3.103296,0.835931,8.061345,0.84225
587735043070623907,119.5720557,22.19481335,0.233556,17.849869,2.484946,0.92176,5.896307,0.882209
587735044142596710,115.70688889,20.23657217,0.087363,17.074575,4.135174,0.831652,12.102996,0.825691
587735044143645307,117.71557175,21.68778568,0.185049,17.216808,8.065339,0.271174,19.607458,0.279247
587735044143841904,117.95413962,21.99427766,0.090949,17.183546,4.266053,0.694735,13.73424,0.625568
587735044143841964,118.04999569,22.07006811,0.20062,17.623167,3.74206,0.539369,8.982172,0.502521
587735236342120815,116.23934738,19.67809028,0.091999,17.1101,3.33381,0.773559,7.939429,0.727663
587735236343431361,118.67733646,21.76591863,0.272968,18.376356,1.184014,0.823836,1.747702,0.827313
587735236880826713,119.35647416,22.74577292,0.135666,17.59465,2.897893,0.575827,6.329269,0.539398
587737809028121011,113.75390294,40.69500791,0.098766,17.43494,2.93256,0.717648,7.555178,0.704209
587737809030480191,117.29526382,45.51166068,0.44286,19.295977,1.497774,0.578552,2.646771,0.526538
587737809030545643,117.16359837,45.59606349,0.197547,17.623104,1.968031,0.670848,3.969387,0.654361
587737809563943691,111.83821144,38.82656048,0.206899,17.772625,2.24087,0.354563,4.218879,0.327374
587737809564271469,112.27960941,39.47237181,0.144345,18.349754,3.86125,0.387931,10.570485,0.354442
587737809564926287,113.15701532,40.7259402,0.082899,16.443489,5.293225,0.894835,15.447596,0.839413
587737809564926370,113.07430911,40.85341107,0.135719,17.391352,2.290468,0.666769,4.392279,0.659867
587737809565385153,113.76412352,41.80097469,0.205243,17.415474,1.873394,0.78539,3.925353,0.757386
587737809565778326,114.27402802,42.51487614,0.337038,18.715475,0.811049,0.869075,1.312382,0.88202
587737809567154699,116.46063897,45.17928752,0.208325,17.800692,3.411143,0.769255,9.40906,0.746732
587737809567547764,117.14010837,46.08739009,0.153468,17.547152,3.20733,0.728166,7.201715,0.699942
587737809567744435,117.41358705,46.44956488,0.268312,18.144871,1.912591,0.910012,4.385575,0.843612
587737810101338716,111.94003488,40.10140642,0.162068,17.54623,3.140364,0.832682,7.941366,0.791231
587737810101928314,112.7693125,41.24117451,0.118372,16.916956,3.474546,0.936291,8.781168,0.932409
587737810638275370,111.75180051,40.30572448,0.461984,19.364683,1.493257,0.576755,2.605757,0.562614
587737810640437349,114.74173706,44.74067034,0.153865,17.823483,2.708282,0.71739,6.836688,0.675757
587737810642665611,118.38394872,49.17497596,2.43624E-5,18.19837,3.760073,0.539866,6.937348,0.65333
587737810643386732,119.66815076,50.62756942,0.427612,19.09017,1.188819,0.777992,2.150685,0.796856
587737825137000984,118.49653786,45.81461928,0.093342,17.713011,4.121389,0.702492,11.122291,0.664472
587737825670857133,113.61035114,40.02490607,0.195343,17.480293,2.976306,0.611359,5.53154,0.577897
587737825674264850,118.79591838,46.86005759,0.271578,17.925959,1.184225,0.762176,1.923097,0.777641
587737825674592555,119.33578551,47.38489734,0.343196,18.583488,1.541021,0.617039,2.97406,0.625532
587737826207007050,112.10826358,38.64011299,0.089564,17.490089,5.166877,0.141851,11.484368,0.105952
587737826207072841,112.20204494,38.78677672,0.061762,17.035374,6.771188,0.519833,23.032438,0.481112
587737826207203835,112.50005692,39.10022884,0.088436,16.390556,4.797732,0.780678,12.322096,0.772062
587737826208908169,114.64075814,42.67611414,0.442189,19.70433,0.756218,0.893597,1.100666,0.917153
587737826211332471,118.49172361,47.51896491,0.138497,17.800795,2.83678,0.787269,6.673134,0.768233
587737826211987894,119.7753,48.70947737,-1.22582E-4,19.026703,0.670769,0.616813,0.856717,0.687844
587737826212446522,120.43581774,49.70109466,0.168291,17.345247,4.002923,0.738351,9.893968,0.722624
587737826743943847,111.677855,39.04939848,0.323467,18.150093,1.271243,0.785163,2.329596,0.749811
587737826746564935,115.27632568,44.36044199,0.13306,16.502354,4.556843,0.66623,9.930646,0.673725
587737826747285681,116.53207381,45.71349436,0.156245,17.100479,4.356464,0.495917,10.842715,0.466806
587737827280748763,111.27407977,39.0548745,0.097465,17.378443,4.044346,0.896471,12.384238,0.917899
587737827281142107,111.67156725,39.82236551,0.050344,15.968747,7.512818,0.601181,20.227972,0.599975
587737827282452734,113.46389667,42.49486338,0.069937,17.869862,4.68553,0.128615,11.091334,0.0841
587737827283501517,114.8597129,44.79502617,0.312035,18.242207,1.158883,0.727883,1.822818,0.76322
587737827284156746,116.02150003,46.00284774,0.151016,16.21493,4.447041,0.863009,9.880853,0.8453
587737827286450467,119.84364892,50.56561836,0.292992,18.662373,0.995919,0.834252,1.608451,0.806087
587737934655521540,110.85564686,41.98583225,0.341077,18.849669,1.3811,0.886814,2.501457,0.829645
587738065653203393,114.68018291,44.78449089,0.133098,17.684761,2.753382,0.822891,7.939437,0.742547
587738065655431582,118.09883576,49.42807379,0.220214,17.973745,2.442913,0.713972,5.145964,0.705834
587738066188501540,112.15825512,41.65354016,0.117847,17.854443,3.755827,0.285359,8.07113,0.248246
587738066190663690,114.85440642,46.17321234,0.369796,19.098745,0.979272,0.886005,1.596146,0.855876
587738066192367909,117.6636699,49.59276159,0.221139,17.275015,3.612085,0.651444,7.550581,0.699978
587738066193875298,120.27383855,52.63220287,0.345981,18.038963,2.980367,0.723368,5.945448,0.703248
587738066725044668,111.12860999,41.3049246,0.176178,17.652765,2.242144,0.937278,5.118034,0.925576
587738066726945203,113.70769818,45.17855725,0.124545,16.725359,5.743753,0.352435,14.505029,0.331853
587738066727600556,114.75003654,46.51492561,0.147516,17.262217,4.475351,0.890447,12.531199,0.882389
587738066729238905,117.29534198,49.85127251,0.097489,16.92453,4.1753,0.575108,10.750791,0.556462
587738066730287521,118.79183937,51.97714535,0.372051,18.287304,1.177315,0.76986,2.076276,0.786515
587738066730615130,119.49442358,52.63798646,0.259687,17.461639,3.591842,0.591439,8.400316,0.599937
587738067262243271,111.04680727,42.020154,0.178334,17.718092,2.953109,0.81551,5.425779,0.833212
587738067263226472,112.35444129,44.10829036,0.299941,18.714405,1.531152,0.864158,3.163481,0.805719
587738067263488515,112.74252584,44.68783457,0.20282,17.598095,2.941138,0.738817,6.378021,0.716769
587738067264799236,114.38629257,47.33352449,0.486778,19.631222,0.711492,0.812364,1.482623,0.815389
587738067265782034,115.94421051,49.38798333,0.121425,17.398508,3.82329,0.461319,7.862342,0.425732
587738067266437186,117.21959426,50.65991162,0.087312,17.438824,4.905536,0.49797,12.614264,0.476064
587738067266568533,117.45115612,51.01121383,0.185321,17.311121,2.411609,0.664395,4.72601,0.660629
587738067799179888,110.53708039,42.46240276,0.212883,17.665531,1.939534,0.740401,3.505845,0.714726
587738067800818203,112.65687161,45.75902889,0.327854,18.716465,0.972393,0.780741,1.518732,0.758088
587738067801538814,113.5883966,47.2714461,0.064247,16.998051,4.354949,0.520647,10.640439,0.500283
587738067801539044,113.66935898,47.34991435,0.129203,17.790352,3.427023,0.449956,9.648774,0.392171
587738067801669911,113.83809771,47.55187632,0.150537,17.500824,2.622188,0.449285,5.35843,0.419922
587738067802063320,114.47770414,48.45270592,0.059761,16.950888,5.002741,0.318303,11.401158,0.277307
587738067804225944,118.19073419,52.72634991,0.198262,17.955687,2.554228,0.524189,5.117345,0.535023
587738195036340980,112.96249557,42.48957647,0.50292,19.484518,2.326308,0.788404,5.119158,0.746769
587738195039748466,117.96648156,49.47658397,0.31792,17.897383,2.411672,0.670391,4.686469,0.631822
587738195573145795,112.29362377,42.60567283,0.214571,17.462334,1.974922,0.878256,4.107942,0.87467
587738195573145873,112.35086469,42.62576579,0.194722,17.24641,2.295369,0.872286,5.216222,0.882428
587738195574784417,114.52239046,45.99751884,0.142733,17.825912,3.040759,0.634669,7.559458,0.621675
587738195575308461,115.47045015,47.04229876,0.118163,16.906088,5.84503,0.84817,19.124847,0.818894
587738196109820084,111.59248787,42.36895231,0.376682,18.839966,2.391407,0.671868,4.694116,0.680036
587738196110082442,111.91417874,42.89815309,0.069694,17.1311,3.935274,0.501298,9.894341,0.499956
587738196110147854,112.01055157,42.93850247,0.121931,16.89723,3.777607,0.727201,7.685482,0.708865
587738196110869012,112.7568418,44.54713647,0.298753,17.861193,1.626318,0.903292,3.483943,0.854832
587738196113162278,116.28814255,49.17120958,0.097868,17.227882,5.031772,0.335934,12.324776,0.316384
587738196113293433,116.65382994,49.50319646,0.224601,17.616774,1.982332,0.887079,3.720764,0.886467
587738196113686957,117.17390279,50.35971337,0.221071,17.817625,2.650075,0.644818,5.891554,0.606457
587738196114341928,118.09965941,51.61116747,0.16571,17.686771,1.53187,0.633127,2.744473,0.628132
587738196646626103,110.85867927,42.35728701,0.426046,18.994921,2.068661,0.754362,4.666468,0.770838
587738196646691060,110.86852485,42.4948891,0.352245,18.681854,2.854938,0.291317,5.634391,0.279417
587738196647084439,111.41418302,43.40662399,0.156768,17.770002,2.537444,0.428135,5.116475,0.403346
587738196647477618,112.08587666,44.07847253,0.154125,17.779932,2.823853,0.469028,6.375172,0.449959
587738196649050406,114.17641998,47.43920876,0.136146,17.666454,3.517066,0.324418,7.590905,0.29091
587738196649574979,114.97211701,48.48679099,0.097047,17.862047,3.606508,0.886596,11.20597,0.861864
587738196650229858,115.94946033,49.84876015,0.221953,17.66131,2.340391,0.431972,4.37242,0.42801
587738196650230046,115.98423927,49.84751769,0.143965,17.568983,2.786432,0.785796,6.406176,0.775758
587738196650361093,116.29465586,50.06736263,0.09448,17.312298,3.43596,0.789053,8.698051,0.750033
587738196651475135,118.24217777,52.34129265,0.224052,18.388334,0.954328,0.670808,1.394257,0.647533
587738371668312647,117.93388063,17.72418773,0.168081,17.450178,2.321601,0.571103,4.389112,0.559865
587738372205314109,117.9427263,18.12558382,0.35999,18.072985,2.001092,0.734185,4.173246,0.766078
587738947193733739,117.52540502,17.78536668,0.224787,17.511534,3.121549,0.81288,6.497013,0.797804
587738947194192077,118.47729873,18.41367872,0.391896,18.133425,2.473863,0.912555,5.547565,0.871227
587738947194585766,119.316085,18.84495329,0.31428,18.648909,1.213926,0.891333,2.352715,0.79438
587739114696933690,118.17313521,16.33058945,0.189378,17.37685,4.572025,0.399997,11.32944,0.371967
587739115233804843,117.8702907,16.70122239,0.154855,17.775768,3.051597,0.300172,6.372126,0.25513
587739115233869916,117.99194099,16.74924932,0.046537,15.549209,6.594697,0.614032,18.258179,0.612099
587739115234918777,120.01448082,18.11546429,0.139217,17.516472,3.379755,0.799996,9.126161,0.750942
587739153351901769,117.36069425,16.23746894,0.051839,17.221355,3.797465,0.77522,9.896531,0.759803
587739153352032281,117.60556276,16.2796653,0.27171,18.411087,0.854071,0.826492,1.753608,0.735178
587739153889165861,117.87824552,17.05534685,0.053816,16.572048,4.120241,0.704177,9.889807,0.721799
587739153889689869,118.9982566,17.70448271,0.316848,19.445358,0.782004,0.466347,1.127215,0.558818
587739377227071953,117.30547657,15.1838943,0.13186,17.062624,2.096665,0.615694,3.948122,0.577046
587739406755692699,119.99478706,16.22939874,1.6536E-4,17.216112,1.141395,0.479108,1.583735,0.469748
587739407828386745,117.47111633,15.59200113,0.491894,19.09086,2.836473,0.677533,6.417252,0.736594
587739407829434859,119.56065277,16.80910095,0.397571,19.13142,0.992021,0.907513,1.663827,0.923715
587741420558417979,118.50281065,13.7537772,0.39224,18.647804,5.696287,0.419364,15.351196,0.36545
587741420558549620,118.76775439,13.89065197,0.22268,16.86261,4.745104,0.92426,12.432201,0.920399
587741489813586048,118.40666839,12.65378967,0.196084,17.842041,4.644081,0.221541,10.18811,0.202037
587741489813848625,119.00247241,12.8021853,0.227602,17.883987,4.552762,0.527086,10.386328,0.505347
587741489814503596,120.39733712,13.50433995,0.113275,17.410507,3.265753,0.703911,7.968209,0.699897
587741490350719748,118.91474006,13.19954624,0.163135,17.366741,2.103022,0.654347,4.091129,0.593933
587741533300785861,119.90604282,14.075199,0.207636,17.706051,1.896395,0.384538,2.953307,0.333109
587741817306350256,120.481049,11.81594995,0.442067,18.767107,1.64215,0.999934,3.757595,0.966271
587742009505218628,119.91297517,9.79988575,0.066138,18.737402,1.246878,0.585637,3.566902,0.493962
587744638561419966,119.28896093,11.09201842,0.324796,18.466732,1.004473,0.741132,1.757779,0.718319
587744874784686934,120.39287292,9.16893697,0.294641,18.094576,1.484683,0.786333,2.826744,0.787661
588007005232431478,119.77302455,42.6551154,0.439359,19.170155,1.262327,0.76218,2.501471,0.814116
588007005767401847,116.28419688,39.23499059,0.171276,17.242306,2.469188,0.867572,5.620799,0.868776
588007005767598343,116.50426057,39.51178861,0.083878,17.045006,4.559556,0.229508,9.202334,0.200053
588007005767795097,116.96456343,39.96337786,0.067248,16.116102,4.397616,0.88169,9.89176,0.84305
588007005768188229,117.44027409,40.6488868,0.494959,19.459129,1.17196,0.435173,1.801402,0.468611
588007005768581464,118.1671638,41.49574247,0.316698,18.773911,0.820446,0.999795,1.39262,0.972305
588007005769695733,120.11658665,43.54405303,0.604096,20.374825,1.437614,0.557007,2.45443,0.499983
588013382182764919,117.80174275,25.87345635,0.050602,17.240068,6.490944,0.552003,23.324989,0.487978
588013382721077574,120.0472219,28.55283001,0.140835,17.118774,4.562894,0.369238,10.672452,0.350137
588013383255982169,116.34154849,25.42438168,0.155066,17.497795,3.046538,0.241556,5.639436,0.222592
588013383256441610,117.11468154,26.3687425,0.382753,18.420368,1.328434,0.686074,2.793799,0.624147
588013383257096729,118.32677951,27.42364827,0.125623,16.82148,3.902901,0.920547,9.890254,0.865604
588013383257621023,119.17423101,28.37188139,0.022134,16.975552,5.104061,0.813429,12.324756,0.922326
588013383257948446,119.74205823,28.76606514,0.217763,17.339371,1.832003,0.737072,3.450014,0.764454
588013383795081532,119.93245203,29.56442402,0.29098,19.122147,1.09839,0.366941,2.242249,0.42893
588015507679084587,46.45867312,-1.05088352,0.447648,23.783325,5.345568,0.073559,5.349234,0.274773
588015507680395486,49.49182685,-1.15323168,0.138549,17.378811,2.576263,0.421616,5.895135,0.375042
588015507681509532,52.05677772,-1.20504288,0.151544,17.499685,3.892162,0.538119,8.315245,0.520007
588015507681706151,52.4531848,-1.07669141,0.140261,16.803116,3.225486,0.805839,6.662917,0.788583
588015507683672260,56.90783608,-1.19304382,0.289378,18.186876,1.270797,0.739406,2.457244,0.715046
588015507683672271,56.92616322,-1.17578978,0.264928,17.866163,1.993312,0.731405,4.2768,0.730255
588015508214513866,43.11496178,-0.68437025,0.295287,18.931406,1.914747,0.360789,3.513371,0.316455
588015508216021190,46.62585366,-0.74462102,0.183977,17.415838,2.678029,0.399973,5.36271,0.362833
588015508219756792,55.15729871,-0.83523671,0.382544,18.598919,2.069942,0.716137,4.212595,0.715497
588015508220870907,57.75292819,-0.67014273,0.212582,17.41226,3.06925,0.730294,6.601692,0.702882
588015508221067547,58.09056381,-0.8146708,0.158038,18.061001,3.139337,0.386113,6.202276,0.365615
588015508221198632,58.42452837,-0.77485453,0.407442,19.424168,1.192982,0.616899,2.199957,0.611089
588015508751384725,43.22726685,-0.40108696,0.043371,16.438168,4.96465,0.533499,12.322337,0.501604
588015508751974478,44.47911861,-0.36485023,0.18634,17.464975,1.995702,0.764658,4.378691,0.726465
588015508754727050,50.72144587,-0.37953895,0.140042,16.95854,4.020947,0.608579,9.891356,0.596365
588015508755906913,53.53000866,-0.24359466,0.415317,18.925938,1.03867,0.935602,2.01612,0.887881
588015508756234553,54.23902599,-0.29311791,0.314819,18.289188,1.311639,0.785,3.040913,0.739714
588015508757086583,56.16037356,-0.22136209,0.45025,19.850477,0.793112,0.563593,1.214943,0.60879
588015508757348480,56.7321586,-0.40265897,0.10747,17.184214,2.453168,0.754978,4.515238,0.741905
588015508757545613,57.28996847,-0.25659366,0.366777,19.883644,1.52419,0.568967,3.132878,0.557843
588015508757676344,57.51391363,-0.24405956,0.015174,17.803379,6.59159,0.297702,19.122334,0.280149
588015509288845487,44.54358252,0.17199294,0.184033,17.654705,1.581065,0.562256,2.793934,0.54907
588015509290025138,47.16582066,0.11136073,0.140826,16.724716,4.06063,0.76826,10.203782,0.703633
588015509290483905,48.22541336,0.04351366,0.187764,18.040611,1.251326,0.78325,2.223876,0.743815
588015509290746001,48.83659916,0.03837108,0.136454,17.867466,2.623155,0.291845,4.653,0.264627
588015509291139327,49.81684749,0.20017573,0.06673,17.491964,6.209892,0.169267,14.231144,0.155006
588015509291532489,50.70213032,0.14563969,0.264936,17.524479,4.567591,0.817596,6.696727,0.838953
588015509292187915,52.08890891,0.20178047,0.313558,18.874271,1.589896,0.76334,3.320989,0.738058
588015509292187928,52.14468755,0.18057679,0.315518,17.709766,1.225518,0.858514,2.364709,0.863063
588015509292580954,52.98141977,0.09696296,0.085016,15.793235,5.01198,0.706653,11.072852,0.68396
588015509292908761,53.77166929,0.04041767,0.090915,17.336809,3.516944,0.488308,6.526976,0.471708
588015509293170951,54.38530981,0.03559462,0.314931,18.412033,1.020353,0.929739,1.872796,0.919863
588015509293695290,55.64345055,0.18229599,0.300167,18.109102,1.538238,0.660905,3.163613,0.685594
588015509293760661,55.67884322,0.16698679,0.17,17.653824,2.326066,0.991231,5.074774,0.971424
588015509294547280,57.46651309,0.05949052,0.130043,18.039188,3.65942,0.703062,10.410341,0.699973
588015509826109582,45.4674918,0.42905396,0.135027,16.706238,3.650401,0.891393,8.04429,0.862141
588015509827027073,47.5333299,0.51613154,0.047842,16.568966,4.99211,0.775683,5.014865,0.999837
588015509828141258,50.08000708,0.5015414,0.023411,16.914839,5.984115,0.540516,16.25174,0.54997
588015509828534445,50.96230519,0.54517785,0.12824,18.433083,1.514676,0.608885,2.660427,0.566695
588015509828534515,50.97057115,0.48574639,0.15334,18.139406,1.960431,0.799964,4.198328,0.767563
588015509829189862,52.41929068,0.46074965,0.304614,18.652349,0.971687,0.85692,1.613535,0.855103
588015509829517545,53.25233592,0.59385384,0.031838,16.210707,5.7275,0.728002,15.353437,0.716814
588015509829517645,53.14457176,0.47864133,0.479593,19.521486,1.433888,0.57681,2.52284,0.584736
588015509830041881,54.44525761,0.61998573,0.413381,19.077526,1.266554,0.519577,2.295355,0.485358
588015509830042138,54.36715593,0.51162693,0.316803,19.833654,0.778688,0.857039,1.099289,0.821083
588015509830435063,55.21623011,0.5218058,0.139675,17.666824,1.900915,0.912841,3.428233,0.921093
588015510361735351,42.56652408,0.87136116,0.137469,17.091276,3.350101,0.513183,6.368228,0.480571
588015510361997415,43.10521867,0.90845747,0.232475,17.675116,1.023805,0.874453,1.856219,0.8208
588015510363111521,45.69555324,0.93114814,0.134655,17.832415,3.558957,0.176435,6.200076,0.150008
588015510363177174,45.85212476,0.95401077,0.072762,17.222061,4.724844,0.78845,14.516392,0.749934
588015510364029017,47.81848677,0.91663769,0.313341,17.991276,1.548645,0.733129,3.049474,0.700994
588015510364094591,47.99503213,0.93832857,0.200024,17.446722,1.971377,0.821865,3.57606,0.809357
588015510364160162,48.07581082,0.95812738,0.369118,18.773376,1.231078,0.729015,2.4139,0.678722
588015510365339765,50.78679719,1.02658909,0.13805,17.636957,2.782854,0.967355,6.51932,0.949818
588015510366126323,52.57699951,1.02102283,0.143566,17.944056,2.684103,0.597667,5.882136,0.549839
588015510366978364,54.57181517,0.91620679,0.167768,18.0215,3.047935,0.390144,6.597887,0.354033
588015510367043849,54.62165137,0.87698719,0.303627,17.970547,1.550402,0.717966,3.132068,0.683416
588015510367436938,55.58549625,1.02147273,0.037627,16.425484,9.167368,0.221161,23.820997,0.212421
588015510367830143,56.46633819,0.94872142,0.184158,17.118328,1.559926,0.969043,3.094135,0.958313
588015510368026811,56.87326934,0.85585554,0.296505,18.907156,1.178129,0.871414,2.274965,0.838878
588015510368026853,56.9564505,1.02738504,0.179995,17.670744,1.951089,0.96229,3.467881,0.999823
588015510368026880,56.99249833,0.97490055,0.184537,16.723036,4.723361,0.51449,11.199113,0.498724
588015510368289149,57.4973216,0.94252946,0.070985,18.130903,3.425349,0.901136,11.255695,0.875189
588016840167916087,117.97020446,19.17551796,0.473028,19.318913,1.168997,0.830122,1.957936,0.862743
588016840168178340,118.50017303,19.61896632,0.399868,18.601515,1.216855,0.82363,2.300519,0.765319
588016840704000695,116.1157349,18.53179403,0.304544,18.363947,1.190906,0.837993,2.021385,0.940473
588016840704393500,117.0018128,19.07368645,0.194288,17.765251,1.071263,0.915656,2.188948,0.871182
588016841242771772,119.54338507,21.45580304,0.2598,17.644884,1.472075,0.915401,2.769286,0.946723
588016878285291646,116.71075879,18.08922699,-1.3435E-5,17.821133,1.530392,0.824562,2.530244,0.834422
588016879359623594,117.1775801,19.59637421,0.174273,17.601746,1.332876,0.733036,2.404325,0.687494
588016879360803186,119.5444742,21.26222334,0.308055,18.513458,1.236938,0.657633,2.189495,0.627347
587725074988990731,132.2656789,0.11056423,0.193322,18.122927,0.77382,0.864664,1.053593,0.819359
587725469054599751,121.9483713,42.89600923,0.373379,19.443348,2.198042,0.566026,5.197586,0.496466
587725469592256807,122.91251564,44.7187225,0.208232,17.155935,2.91055,0.627304,6.752455,0.608969
587725469592322304,123.05836335,44.83286359,0.144385,17.371262,3.313063,0.866447,7.940331,0.840449
587725469593108996,124.65196403,46.16193535,0.352445,20.2201,1.221187,0.464656,2.006323,0.397651
587725469593174252,124.74070042,46.35626655,0.130888,16.240917,6.977419,0.637142,18.604277,0.626074
587725469594484895,127.77398152,48.64892511,0.175477,17.153276,2.469873,0.620893,4.924025,0.621284
587725469594550548,127.78447795,48.74852215,0.417338,19.150578,0.991307,0.987689,1.830422,0.97786
587725469595926666,131.13446496,51.05714223,0.124324,17.690241,2.458331,0.853153,4.474386,0.864497
587725470128734639,121.93381746,44.18648817,0.045873,17.776573,4.568155,0.97424,14.079384,0.98874
587725470130962685,126.32543169,48.12425595,0.292541,18.028706,1.018551,0.997234,1.989522,0.999785
587725470131224792,126.81573955,48.72072905,0.071953,16.237886,4.090227,0.89012,9.120166,0.929016
587725470668030252,126.15254715,48.77182059,0.125818,17.130125,4.37464,0.698495,12.556836,0.676122
587725470668095713,126.30724952,48.94020642,0.177686,17.071814,4.304368,0.666417,9.984805,0.645995
587725470670520621,132.24069061,53.06413475,0.495071,19.119043,1.710876,0.579905,3.538852,0.504121
587725470670913921,133.22688419,53.84656593,0.423096,19.176361,1.007522,0.727267,1.86472,0.715357
587725471204507979,124.86549256,48.45386093,0.180842,17.318333,3.006632,0.919095,6.058236,0.921815
587725471204835670,125.67537035,48.96886019,0.352018,18.543335,1.247418,0.806666,2.431825,0.778065
587725471204901067,125.64155473,49.08498977,0.133274,17.430355,1.990974,0.816599,4.107525,0.817955
587725471206735884,129.83507426,52.28412263,0.410547,18.999859,1.311361,0.785617,2.679573,0.710137
587725550126825646,132.888138,54.4665351,0.290799,18.225622,2.337757,0.466388,4.450417,0.433111
587725550658978179,121.88010902,46.22420758,0.023843,17.541508,6.60037,0.620835,23.816906,0.558641
587725550659436808,122.72780903,47.06609541,0.130651,16.792051,4.064681,0.654309,9.301526,0.628026
587725550660092155,124.17728063,48.29384205,0.281299,17.700157,2.861273,0.495283,5.620604,0.475445
587725550660485353,124.84349199,49.13976169,0.159783,17.084751,3.001309,0.914056,6.37379,0.906177
587725550661665032,127.55226474,51.09187817,0.326413,18.328283,2.064962,0.519184,4.122247,0.449984
587725551199846505,130.11154494,53.64204151,0.143748,17.056658,3.815196,0.569228,8.258738,0.549984
587725551200174350,130.8218467,54.36601194,0.426582,18.886475,1.624795,0.719903,3.55581,0.660603
587725551200895222,132.81398696,55.63224089,0.365849,18.881817,1.507784,0.666336,2.655577,0.595103
587725551734816969,125.23414118,50.64420872,1.34852E-5,19.981993,0.020853,0.43743,0.026888,0.437151
587725551736389878,128.79499568,53.47473131,0.399472,18.75112,1.23126,0.774179,2.100585,0.76627
587725552269918538,121.04044427,47.48361614,0.406247,18.979015,1.937966,0.41829,3.661597,0.38856
587725552270377283,121.83712752,48.49034439,0.363088,18.742264,1.02999,0.824484,1.820142,0.855752
587725552272015488,125.14008209,51.50990142,0.152503,17.237808,4.028725,0.47412,9.515176,0.450014
587725552273129736,127.96437311,53.43047542,0.185743,17.227364,2.261513,0.66925,4.475413,0.686841
587725773996491069,121.43454913,46.02448849,0.022457,17.337112,8.272735,0.320324,28.227427,0.300776
587725773998063730,124.33806399,49.01679773,0.353978,18.222851,2.444406,0.764513,5.71859,0.746253
587725774533820682,121.62028821,47.08032093,0.182076,17.377214,2.371579,0.804984,4.752034,0.791467
587725774534541596,123.01755428,48.4654638,0.179799,17.735312,1.585047,0.762291,3.734118,0.666056
587725775071805466,123.29437017,49.38969514,0.277037,17.726345,1.237026,0.778512,3.459036,0.61867
587725775071805621,123.19530308,49.44548433,0.131279,17.674513,3.021703,0.331735,6.451244,0.298827
587725775608676606,122.88529991,49.68369038,0.364152,18.22061,1.503079,0.730152,2.870456,0.703464
587725980687597682,124.26155406,49.5248116,0.179287,17.620811,1.519161,0.61229,2.516166,0.574095
587725980687597777,124.12955465,49.57900308,0.344777,19.285433,1.027969,0.557173,1.498356,0.487652
587725980688908519,127.11911799,52.00337205,0.357423,18.042782,1.517302,0.889777,2.914412,0.867699
587725980689891518,129.61430775,53.73978225,0.031205,17.43383,4.698883,0.284182,12.320163,0.230889
587725980690874571,132.04576234,55.40239254,0.437501,18.765085,0.77211,0.877652,0.954466,0.895691
587725980690940042,132.42400436,55.44739094,0.111693,16.96389,2.331079,0.484717,4.594344,0.497624
587725981225713829,126.45735862,52.01758092,0.186874,17.560209,2.396373,0.480311,4.5149,0.450002
587725981226041575,127.16340022,52.78003336,0.174638,17.267427,1.931245,0.886364,4.271767,0.850726
587725981227942037,132.2110309,55.98106102,0.233433,17.75403,1.277316,0.923448,2.429946,0.891199
587725981228269775,133.11455334,56.56694102,0.23274,17.237541,1.968434,0.726131,3.880774,0.712161
587726032226943119,130.66366769,1.17073176,0.353765,19.213566,0.827306,0.688029,1.087105,0.586416
587726032764141935,131.29325185,1.65166025,0.268592,17.609533,4.249112,0.917849,11.322663,0.920605
587726032764535253,132.27829186,1.5656973,0.041739,17.803246,3.590756,0.953418,10.497643,0.95
587726033301471662,132.43860921,2.14213526,0.346053,18.378105,1.264926,0.777683,2.469187,0.777396
587726033301602447,132.71962077,1.98128624,0.413002,19.034431,1.259816,0.725716,2.289397,0.699025
587727865646350734,122.40243279,40.37420737,0.365054,18.372646,2.352659,0.663508,4.568458,0.676943
587727866183614758,122.68585202,41.2673134,0.206775,17.687149,5.500965,0.221429,11.69958,0.198373
587727866719830185,120.99840677,40.3135348,0.18005,17.470783,2.38122,0.635467,4.326493,0.651694
587727943488569730,130.49028195,1.3935559,0.412014,18.42907,1.569913,0.840608,2.937891,0.816353
587727943488897338,131.2701537,1.40141056,0.013789,17.582193,3.547857,0.672647,9.659425,0.649861
587727944562639179,131.34372137,2.1900553,6.22474E-3,16.215761,8.666002,0.831541,25.181456,0.877689
587728665043468306,126.58826915,44.73734169,0.179618,16.925179,3.567227,0.523611,7.926619,0.557434
587728665579946194,125.2561888,44.37763458,0.144315,16.05595,4.400741,0.921372,8.116876,0.961481
587728666115375438,121.99232807,42.04692757,0.280787,17.945263,1.615373,0.779527,2.59994,0.748174
587728666116030749,123.28565523,43.21224889,0.278514,17.892603,2.478109,0.572743,5.11752,0.585218
587728666652442803,122.00237175,42.6322768,0.103519,16.446836,5.026964,0.826254,12.31916,0.785149
587728666653950187,125.17550208,45.30538004,0.054679,17.603584,4.605517,0.517432,13.533089,0.468019
587728666653950284,125.129429,45.35178743,0.140331,17.257542,3.670048,0.841969,9.891438,0.803485
587728669878845746,121.09450228,40.64886055,0.076682,16.934242,5.293832,0.620586,15.07175,0.588915
587728670418075906,125.31021042,45.11506567,0.162881,17.453772,4.150784,0.489945,9.769732,0.462166
587728670419386685,128.01453626,47.43352506,0.371949,18.511793,1.866722,0.56851,2.982327,0.565108
587728880330146106,130.96749335,2.96845948,0.340813,18.520182,1.188163,0.775527,1.770392,0.729541
587728905564389555,120.60179258,36.1833614,0.230214,16.86441,0.622122,0.572663,29.668837,0.467982
587728906638918027,121.17330667,38.09027852,0.086793,16.611345,2.931346,0.727286,4.978508,0.709164
587728907175985438,121.08189324,38.64827109,0.29429,17.846977,1.241078,0.906359,2.284388,0.894028
587728930263531848,123.20200257,37.94793303,0.320012,18.628784,1.477218,0.761396,2.840518,0.720814
587728931340484790,129.01281927,43.80739143,0.14542,17.492073,2.402226,0.920093,4.886631,0.906325
587728931875782975,125.23602036,41.5137785,0.48178,19.554834,1.050265,0.998217,1.998848,0.923872
587728931878338640,130.77833498,45.74134223,0.120632,17.340004,3.757723,0.229601,7.938106,0.170436
587728931878404401,130.90446595,45.79301685,0.383059,19.140429,2.073128,0.478184,4.703309,0.42159
587728931879256235,132.93362777,47.21942015,0.183074,17.565327,3.144347,0.431427,6.844733,0.390933
587728932410753139,121.19276199,38.42507737,0.432457,19.159182,1.252154,0.62534,2.436493,0.623225
587728932412260474,124.02862046,41.18340487,0.187249,17.307384,4.158977,0.879367,12.32084,0.861784
587728932415143950,130.03831482,45.96612816,0.102604,16.755177,3.474605,0.799304,8.304999,0.784205
587728932415471744,130.84239603,46.53873989,0.150304,17.159166,3.348468,0.963323,9.039744,0.937717
587729386600857887,130.82784869,44.84368469,0.458617,19.248997,1.238392,0.640758,2.289058,0.596789
587729387136090408,126.8633857,42.51050406,0.213469,17.56744,2.336797,0.881078,4.103436,0.876368
587729387402821851,123.4275482,39.64368063,0.120925,16.998194,5.197286,0.433301,14.200889,0.400498
587729387672240399,124.96644507,41.62285551,0.125541,17.791565,3.722534,0.460756,8.985232,0.411244
587729387674009906,128.64224529,44.66413832,0.423789,19.048573,1.210866,0.603685,1.932747,0.548577
587731520666075378,127.54800122,36.62186835,0.064276,16.201729,6.324646,0.481144,14.11361,0.471168
587731520668172641,132.2044406,39.72023566,0.081653,17.718176,5.292772,0.481141,17.418295,0.449365
587731520668631221,133.15544145,40.49762394,0.042413,17.035587,5.631063,0.619308,15.895201,0.608675
587731521199931742,121.43727607,31.89692382,0.459844,19.261808,0.957276,0.763667,1.600928,0.755406
587731521202880746,127.08273331,36.84811256,0.081818,16.426363,5.858972,0.410232,13.903778,0.405964
587731521202880814,127.02860406,36.83463688,0.264381,18.468121,1.833873,0.684809,3.635468,0.67954
587731521203077512,127.57844047,36.99264577,0.325087,18.199875,1.563609,0.765923,3.3896,0.700102
587731521205829733,133.47875262,41.34005989,0.054237,15.031598,6.103545,0.843358,12.494642,0.899447
587731521736933701,121.27000444,32.57402256,0.186433,17.945236,2.460941,0.94116,5.915111,0.90377
587731521737720030,122.68553415,33.77780637,0.137519,17.490974,2.348077,0.884092,4.876727,0.897834
587731521738768674,124.76980263,35.60921869,0.155952,17.631041,2.662803,0.834407,5.429164,0.829699
587731521739555057,126.30227098,36.8173159,0.060138,18.031286,5.234153,0.485029,15.46668,0.439209
587731521739555067,126.40632809,36.75611299,0.105903,17.110828,6.593536,0.23528,17.378569,0.224581
587731521739620635,126.53041412,36.79404802,0.355596,18.225309,1.912143,0.592218,4.351233,0.590439
587731521741193467,129.72483891,39.34807649,0.256626,17.70212,1.96258,0.518094,3.820432,0.468093
587731521741717728,131.07737594,40.13254225,0.358675,19.238171,0.791263,0.591704,0.990251,0.60689
587731521742242094,132.20510298,40.99024412,0.147653,17.732288,3.006895,0.956547,7.94048,0.937146
587731522274525520,122.3557785,33.97105598,0.168486,17.882057,2.282318,0.744184,4.633587,0.707975
587731522275246281,123.54360809,35.18937428,0.217616,17.697802,1.449994,0.862575,2.401881,0.887727
587731522275770783,124.78079613,35.95683643,0.488576,19.7097,1.276085,0.573856,2.124488,0.499943
587731679043649832,131.39402844,39.15128491,0.121819,17.507088,3.854379,0.88592,12.321149,0.856217
587731679576260951,122.6084643,32.58875019,0.358218,18.461079,1.82941,0.692358,2.945464,0.764646
587731680112345458,120.69944977,31.69335165,0.171352,17.5959,2.835771,0.812412,6.720116,0.788102
587731680113000652,121.8631935,32.73026788,0.07215,17.640974,3.883688,0.24361,7.848434,0.20169
587731680114573610,124.80402184,35.34847226,0.144797,17.785666,2.479481,0.860503,5.209968,0.864969
587731680116539730,128.94677014,38.4124451,0.406897,18.453312,3.144997,0.365792,6.733942,0.319295
587731680117588206,131.22178441,40.00213215,0.195666,17.578262,3.974896,0.366653,7.940056,0.334174
587731680650133841,121.92180861,33.46360859,0.429108,19.189116,1.124003,0.771274,1.766952,0.718405
587731680652034383,125.82334559,36.54812117,0.169757,17.220644,2.618225,0.410251,4.910279,0.377115
587731680652361849,126.4409972,37.09163098,0.064818,16.38645,3.940583,0.819493,9.577738,0.765107
587731681188118815,123.87540493,35.57204148,0.081571,17.114889,2.41074,0.711401,4.947941,0.703557
587731681188905177,125.38686341,36.82756062,0.179376,16.583254,3.721,0.84292,8.124658,0.86528
587731681189232806,125.9861036,37.40732105,0.081246,16.150482,5.825632,0.688203,15.377276,0.685295
587731681189953788,127.52862303,38.43905556,0.388813,18.789019,0.832256,0.941182,1.50007,0.84985
587731872316063850,127.85165892,39.18455372,0.030189,16.718784,5.143418,0.535657,12.914174,0.528952
587731872316588090,128.98708794,40.02826389,0.093287,16.998138,3.684964,0.448625,8.123828,0.412972
587731872852345040,126.28941153,38.42142066,0.125256,17.486179,3.894481,0.676821,10.7328,0.6587
587731872852934867,127.42125384,39.40078708,0.035897,15.821862,7.076118,0.477585,19.125387,0.479371
587731872853524694,128.73789719,40.46101786,0.224323,17.755789,2.269102,0.845187,4.857852,0.814768
587731873389740347,127.07209536,39.64113613,0.04037,17.637655,4.117028,0.349992,10.388794,0.313524
587731873390330100,128.2536384,40.59713796,0.10146,16.80991,4.31664,0.555317,10.406116,0.532236
587731873390395631,128.43716187,40.65119871,0.130934,17.366783,4.131115,0.335541,8.977489,0.29967
587731873390395674,128.46785244,40.68790075,0.083997,16.896372,2.552144,0.727355,5.117112,0.699921
587731873923530929,120.5895809,34.77936557,0.436062,19.094517,1.204537,0.775137,2.049808,0.809099
587731873927201129,127.93966567,40.83412272,0.319336,17.567661,2.320973,0.641737,4.068135,0.627707
587731874464137460,127.56567609,41.30926942,0.102489,17.407944,2.906431,0.288106,4.796134,0.259369
587731885734363485,121.48777532,33.88558835,0.2082,17.491688,3.287232,0.820633,7.94135,0.805679
587731885734887806,122.30553217,34.7671292,0.342211,18.860424,1.211065,0.645271,1.894265,0.621299
587731886271889784,122.28312675,35.22066862,0.208087,17.800652,2.776541,0.621681,6.373585,0.580468
587731886272741618,123.80591762,36.77656604,0.0422,16.814169,8.270664,0.250077,22.169893,0.224609
587731886275362970,129.27943747,40.94628879,0.191948,17.943769,2.189398,0.510724,4.260375,0.449964
587731886276018390,130.63175569,42.1154468,0.125232,17.825712,3.12948,0.172658,4.964747,0.152669
587731886810726525,125.81601965,38.82952108,0.394848,18.448612,1.848252,0.564182,3.303657,0.570132
587731886812037462,128.48045401,41.05098583,0.208533,17.82703,2.98351,0.594959,6.625337,0.584937
587731886812102885,128.63953192,41.10212047,0.233413,17.009001,1.989173,0.929876,4.174627,0.893714
587731886812168210,128.60097564,41.26737115,0.081316,16.021881,5.928289,0.419431,13.672459,0.438419
587731887351071093,133.04149521,44.62659444,0.461813,19.217007,1.558574,0.767286,3.045634,0.725528
587731887884009871,124.09330263,38.64375656,0.417693,19.400991,1.191569,0.623228,2.445975,0.570062
587732048940237046,129.49534555,41.01538235,0.176981,17.763798,2.108917,0.459523,3.539694,0.423232
